date_raw,trip_time_raw,fault_no,location_town,apparatus_tripped,voltage_level_kv,system_type,substation_area,weather_raw,time_reclosed_raw,downtime_hours_raw,reported_by_raw,comments_raw,month_raw,severity_raw,fault_type_raw,source_name,source_file,date_text,event_date,trip_time_text,trip_time_parsed,trip_time_status,time_reclosed_text,time_reclosed_parsed,time_reclosed_status,trip_datetime,reclose_datetime,reclose_delay_hours,downtime_hours,voltage_level_kv_num,weather_clean,reported_by_clean,comments_clean,apparatus_clean,location_clean,system_type_clean,substation_area_clean,severity_clean,fault_type_clean,event_date_key,trip_time_key,is_chrono_anomaly,anomaly_reason,event_year,event_month
2023-06-01 00:00:00,08:09,004/23,Jwaneng,Jwaneng 132/33  T8: LV CB 8HO,33.0,Distribution,South,Clear,08:51,0.7,SCADA/Mosarwe,Bus zone trip,January,High,Permanent,distribution,Monthly Fault Data Analysis Jan2023_June2025 Distribution only (1).xlsx,2023-06-01 00:00:00,2023-01-06,08:09,1900-01-01 08:09:00,clock,08:51,1900-01-01 08:51:00,clock,2023-01-06 08:09:00,2023-01-06 08:51:00,0.7,0.7,33.0,clear,mosarwe,bus zone trip,jwaneng 132/33 t8: lv cb 8ho,jwaneng,Distribution,South,high,permanent,2023-01-06,08:09,False,,2023,1
2023-06-01 00:00:00,15:33:00,005/23,Orapa,Orapa1 220/33 Transformer 2: LV CB H10,33.0,Distribution,North,Rainy,16:30:00,0.95,SCADA/Theophilus,"LV O/C trip, Winding Temp Trip & Oil Temp Alarm",January,High,Permanent,distribution,Monthly Fault Data Analysis Jan2023_June2025 Distribution only (1).xlsx,2023-06-01 00:00:00,2023-01-06,15:33:00,2026-03-19 15:33:00,clock,16:30:00,2026-03-19 16:30:00,clock,2023-01-06 15:33:00,2023-01-06 16:30:00,0.95,0.95,33.0,rainy/stormy,theophilus,"lv o/c trip, winding temp trip & oil temp alarm",orapa1 220/33 transformer 2: lv cb h10,orapa,Distribution,North,high,permanent,2023-01-06,15:33,False,,2023,1
2023-07-01 00:00:00,11:35:00,007/23,Sua Pan,Sua Pan 132/11 CBs 3L5 & 4L5,11.0,Distribution,North,Clear,19:56:00,8.35,SCADA,"Overcurrent protection, smoke on 11 busbar, Botash not importing",January,High,Permanent,distribution,Monthly Fault Data Analysis Jan2023_June2025 Distribution only (1).xlsx,2023-07-01 00:00:00,2023-01-07,11:35:00,2026-03-19 11:35:00,clock,19:56:00,2026-03-19 19:56:00,clock,2023-01-07 11:35:00,2023-01-07 19:56:00,8.35,8.35,11.0,clear,scada,"overcurrent protection, smoke on 11 busbar, botash not importing",sua pan 132/11 cbs 3l5 & 4l5,sua pan,Distribution,North,high,permanent,2023-01-07,11:35,False,,2023,1
17/01/2023,18:46:00,113/23,Woodhall,Woodhall 132/11 Transformer 1A: LV CB 1HO,11.0,Distribution,Central,Cloudy,23:29:00,4.717,SCADA/Ramacha,,January,High,Permanent,distribution,Monthly Fault Data Analysis Jan2023_June2025 Distribution only (1).xlsx,17/01/2023,2023-01-17,18:46:00,2026-03-19 18:46:00,clock,23:29:00,2026-03-19 23:29:00,clock,2023-01-17 18:46:00,2023-01-17 23:29:00,4.716666666666667,4.717,11.0,cloudy,ramacha,,woodhall 132/11 transformer 1a: lv cb 1ho,woodhall,Distribution,Central,high,permanent,2023-01-17,18:46,False,,2023,1
29/01/2023,22:38:00,016/23,Orapa,Orapa 1 220/33 Transformer 2: LV CB H10,33.0,Distribution,Central,Rainy,23:25:00,0.85,SCADA/MMUSI,"33 OVERVOLTAGE TRIP, Winding Temp Alarm & Trip Low set, Master trip",January,High,Permanent,distribution,Monthly Fault Data Analysis Jan2023_June2025 Distribution only (1).xlsx,29/01/2023,2023-01-29,22:38:00,2026-03-19 22:38:00,clock,23:25:00,2026-03-19 23:25:00,clock,2023-01-29 22:38:00,2023-01-29 23:25:00,0.7833333333333333,0.85,33.0,rainy/stormy,mmusi,"33 overvoltage trip, winding temp alarm & trip low set, master trip",orapa 1 220/33 transformer 2: lv cb h10,orapa,Distribution,Central,high,permanent,2023-01-29,22:38,False,,2023,1
2023-09-02 00:00:00,15:53:00,036/23,Orapa,Orapa 2 GEN Tx 1: LV CB 01BAT10,11.0,Distribution,North,Clear,16:45:00,1.2,SCADA/Batleng,DIFF protection operated,February,High,Permanent,distribution,Monthly Fault Data Analysis Jan2023_June2025 Distribution only (1).xlsx,2023-09-02 00:00:00,2023-02-09,15:53:00,2026-03-19 15:53:00,clock,16:45:00,2026-03-19 16:45:00,clock,2023-02-09 15:53:00,2023-02-09 16:45:00,0.8666666666666667,1.2,11.0,clear,batleng,diff protection operated,orapa 2 gen tx 1: lv cb 01bat10,orapa,Distribution,North,high,permanent,2023-02-09,15:53,False,,2023,2
17/02/2023,23:31:00,051/23,Fancistown West,FWST 132/11 T1A & T2A: 11 CBs 1HOA & 2HOA,11.0,Distribution,North,Cloudy,00:20,0.817,SCADA/Serema,Earth Fault (E/F) protection trip,February,High,Permanent,distribution,Monthly Fault Data Analysis Jan2023_June2025 Distribution only (1).xlsx,17/02/2023,2023-02-17,23:31:00,2026-03-19 23:31:00,clock,00:20,1900-01-01 00:20:00,clock,2023-02-17 23:31:00,2023-02-18 00:20:00,0.8166666666666667,0.817,11.0,cloudy,serema,earth fault (e/f) protection trip,fwst 132/11 t1a & t2a: 11 cbs 1hoa & 2hoa,fancistown west,Distribution,North,high,permanent,2023-02-17,23:31,False,,2023,2
18/02/2023,01:40,052/23,Fancistown West,FWST 132/11 T1A & T2A: 11 CBs 1HOA & 2HOA,11.0,Distribution,North,Cloudy,02:44,1.4,SCADA/Serema,Earth Fault (E/F) protection trip recurrence,February,High,Permanent,distribution,Monthly Fault Data Analysis Jan2023_June2025 Distribution only (1).xlsx,18/02/2023,2023-02-18,01:40,1900-01-01 01:40:00,clock,02:44,1900-01-01 02:44:00,clock,2023-02-18 01:40:00,2023-02-18 02:44:00,1.0666666666666667,1.4,11.0,cloudy,serema,earth fault (e/f) protection trip recurrence,fwst 132/11 t1a & t2a: 11 cbs 1hoa & 2hoa,fancistown west,Distribution,North,high,permanent,2023-02-18,01:40,False,,2023,2
14/03/2023,13:52:00,078/23,Boteti,BDHT 132/11 Transformer 3 & Bus Section,11.0,Distribution,Central,Rainy,14:36:00,0.73,SCADA/Boteti,"Buchholz trip, Oil surge, internal fault suspected",March,High,Permanent,distribution,Monthly Fault Data Analysis Jan2023_June2025 Distribution only (1).xlsx,14/03/2023,2023-03-14,13:52:00,2026-03-19 13:52:00,clock,14:36:00,2026-03-19 14:36:00,clock,2023-03-14 13:52:00,2023-03-14 14:36:00,0.7333333333333333,0.73,11.0,rainy/stormy,boteti,"buchholz trip, oil surge, internal fault suspected",bdht 132/11 transformer 3 & bus section,boteti,Distribution,Central,high,permanent,2023-03-14,13:52,False,,2023,3
15/03/2023,17:52:00,087/23,Tlokweng,Tlokweng 132/11 Transformer 1: LV CB 1HO,11.0,Distribution,South,Clear,18:40:00,0.8,SCADA/Tlokweng,"O/C trip, Master trip",March,High,Permanent,distribution,Monthly Fault Data Analysis Jan2023_June2025 Distribution only (1).xlsx,15/03/2023,2023-03-15,17:52:00,2026-03-19 17:52:00,clock,18:40:00,2026-03-19 18:40:00,clock,2023-03-15 17:52:00,2023-03-15 18:40:00,0.8,0.8,11.0,clear,tlokweng,"o/c trip, master trip",tlokweng 132/11 transformer 1: lv cb 1ho,tlokweng,Distribution,South,high,permanent,2023-03-15,17:52,False,,2023,3
31/03/2023,06:02,096/23,Woodhall,Woodhall 132/33 TRF 3: HV CB 310 & LV CB H30,33.0,Distribution,South,Cloudy,ARC,0.0,SCADA,No time reclosed  likely no restoration indication; breaker sequence: Tripped,March,Low,Transient,distribution,Monthly Fault Data Analysis Jan2023_June2025 Distribution only (1).xlsx,31/03/2023,2023-03-31,06:02,1900-01-01 06:02:00,clock,ARC,,arc,2023-03-31 06:02:00,,,0.0,33.0,cloudy,scada,no time reclosed likely no restoration indication; breaker sequence: tripped,woodhall 132/33 trf 3: hv cb 310 & lv cb h30,woodhall,Distribution,South,low,transient,2023-03-31,06:02,False,,2023,3
18/04/2022,03:26:00,117/23,Kanye,Kanye 132/11 kV Transformer 1: LV CB 1HO,11.0,Distribution,South,Clear,05:42:00,1.27,SCADA/Baoki,Trip was due to a through fault from feeder 4L5.,April,High,Permanent,distribution,Monthly Fault Data Analysis Jan2023_June2025 Distribution only (1).xlsx,18/04/2022,2022-04-18,03:26:00,2026-03-19 03:26:00,clock,05:42:00,2026-03-19 05:42:00,clock,2022-04-18 03:26:00,2022-04-18 05:42:00,2.2666666666666666,1.27,11.0,clear,baoki,trip was due to a through fault from feeder 4l5.,kanye 132/11 kv transformer 1: lv cb 1ho,kanye,Distribution,South,high,permanent,2022-04-18,03:26,True,fault_id_date_anomaly,2022,4
18/04/2022,03:26:00,117/23,Kanye,Kanye 132/11 kV Transformer 2: LV CB 2H0,11.0,Distribution,South,Clear,05:42:00,1.27,SCADA/Baoki,Trip was due to a through fault from feeder 4L5.,April,High,Permanent,distribution,Monthly Fault Data Analysis Jan2023_June2025 Distribution only (1).xlsx,18/04/2022,2022-04-18,03:26:00,2026-03-19 03:26:00,clock,05:42:00,2026-03-19 05:42:00,clock,2022-04-18 03:26:00,2022-04-18 05:42:00,2.2666666666666666,1.27,11.0,clear,baoki,trip was due to a through fault from feeder 4l5.,kanye 132/11 kv transformer 2: lv cb 2h0,kanye,Distribution,South,high,permanent,2022-04-18,03:26,True,fault_id_date_anomaly,2022,4
18/04/2022,07:35:00,118/23,Kanye,Kanye 132/11 kV Transformer 1: LV CB 1HO,11.0,Distribution,South,Clear,08:19:00,0.73,SCADA/Baoki,Trip was due to a through fault from feeder 4L5. Further patrolling carried out.,April,High,Permanent,distribution,Monthly Fault Data Analysis Jan2023_June2025 Distribution only (1).xlsx,18/04/2022,2022-04-18,07:35:00,2026-03-19 07:35:00,clock,08:19:00,2026-03-19 08:19:00,clock,2022-04-18 07:35:00,2022-04-18 08:19:00,0.7333333333333333,0.73,11.0,clear,baoki,trip was due to a through fault from feeder 4l5. further patrolling carried out.,kanye 132/11 kv transformer 1: lv cb 1ho,kanye,Distribution,South,high,permanent,2022-04-18,07:35,True,fault_id_date_anomaly,2022,4
18/04/2022,07:35:00,118/23,Kanye,Kanye 132/11 kV Transformer 2: LV CB 2H0,11.0,Distribution,South,Clear,08:19:00,0.73,SCADA/Baoki,Trip was due to a through fault from feeder 4L5. Further patrolling carried out.,April,High,Permanent,distribution,Monthly Fault Data Analysis Jan2023_June2025 Distribution only (1).xlsx,18/04/2022,2022-04-18,07:35:00,2026-03-19 07:35:00,clock,08:19:00,2026-03-19 08:19:00,clock,2022-04-18 07:35:00,2022-04-18 08:19:00,0.7333333333333333,0.73,11.0,clear,baoki,trip was due to a through fault from feeder 4l5. further patrolling carried out.,kanye 132/11 kv transformer 2: lv cb 2h0,kanye,Distribution,South,high,permanent,2022-04-18,07:35,True,fault_id_date_anomaly,2022,4
2023-07-04 00:00:00,08:07:00,105/23,BDHT,BDHT 132/11kV Transformer 1,11.0,Distribution,South,Clear,09:02:00,0.95,SCADA / Ntoko,,April,High,Permanent,distribution,Monthly Fault Data Analysis Jan2023_June2025 Distribution only (1).xlsx,2023-07-04 00:00:00,2023-04-07,08:07:00,2026-03-19 08:07:00,clock,09:02:00,2026-03-19 09:02:00,clock,2023-04-07 08:07:00,2023-04-07 09:02:00,0.9166666666666666,0.95,11.0,clear,ntoko,,bdht 132/11kv transformer 1,bdht,Distribution,South,high,permanent,2023-04-07,08:07,False,,2023,4
2023-07-04 00:00:00,08:07:00,105/23,BDHT,BDHT 132/11kV Transformer 4,11.0,Distribution,South,Clear,09:00:00,0.92,SCADA,,April,High,Permanent,distribution,Monthly Fault Data Analysis Jan2023_June2025 Distribution only (1).xlsx,2023-07-04 00:00:00,2023-04-07,08:07:00,2026-03-19 08:07:00,clock,09:00:00,2026-03-19 09:00:00,clock,2023-04-07 08:07:00,2023-04-07 09:00:00,0.8833333333333333,0.92,11.0,clear,scada,,bdht 132/11kv transformer 4,bdht,Distribution,South,high,permanent,2023-04-07,08:07,False,,2023,4
2023-07-04 00:00:00,08:07:00,105/23,MOGS,MOGS 132/33kV Transformer 1,33.0,Distribution,South,Clear,09:01:00,0.93,SCADA,,April,High,Permanent,distribution,Monthly Fault Data Analysis Jan2023_June2025 Distribution only (1).xlsx,2023-07-04 00:00:00,2023-04-07,08:07:00,2026-03-19 08:07:00,clock,09:01:00,2026-03-19 09:01:00,clock,2023-04-07 08:07:00,2023-04-07 09:01:00,0.9,0.93,33.0,clear,scada,,mogs 132/33kv transformer 1,mogs,Distribution,South,high,permanent,2023-04-07,08:07,False,,2023,4
2023-07-04 00:00:00,08:07:00,105/23,MOGS,MOGS 132/33kV Transformer 2,33.0,Distribution,South,Clear,09:01:00,0.93,SCADA,,April,High,Permanent,distribution,Monthly Fault Data Analysis Jan2023_June2025 Distribution only (1).xlsx,2023-07-04 00:00:00,2023-04-07,08:07:00,2026-03-19 08:07:00,clock,09:01:00,2026-03-19 09:01:00,clock,2023-04-07 08:07:00,2023-04-07 09:01:00,0.9,0.93,33.0,clear,scada,,mogs 132/33kv transformer 2,mogs,Distribution,South,high,permanent,2023-04-07,08:07,False,,2023,4
2023-11-04 00:00:00,03:17:00,111/23,MORP,Morp A Generator 2 12kv CB 2GO,12.0,Distribution,Central,Clear,10:51:00,7.57,SCADA / Ralesota,"Load loss: 20 MW, 151.3 MWh",April,High,Permanent,distribution,Monthly Fault Data Analysis Jan2023_June2025 Distribution only (1).xlsx,2023-11-04 00:00:00,2023-04-11,03:17:00,2026-03-19 03:17:00,clock,10:51:00,2026-03-19 10:51:00,clock,2023-04-11 03:17:00,2023-04-11 10:51:00,7.566666666666666,7.57,12.0,clear,ralesota,"load loss: 20 mw, 151.3 mwh",morp a generator 2 12kv cb 2go,morp,Distribution,Central,high,permanent,2023-04-11,03:17,False,,2023,4
26/04/2023,17:19:00,121/23,Jwaneng,Jwaneng 132/33kV Transformer 9 HV CB 410,33.0,Distribution,South,Clear,18:02:00,0.72,SCADA / Mosarwe,Load loss to Debswana Mine Boreholes power supply.,April,High,Permanent,distribution,Monthly Fault Data Analysis Jan2023_June2025 Distribution only (1).xlsx,26/04/2023,2023-04-26,17:19:00,2026-03-19 17:19:00,clock,18:02:00,2026-03-19 18:02:00,clock,2023-04-26 17:19:00,2023-04-26 18:02:00,0.7166666666666667,0.72,33.0,clear,mosarwe,load loss to debswana mine boreholes power supply.,jwaneng 132/33kv transformer 9 hv cb 410,jwaneng,Distribution,South,high,permanent,2023-04-26,17:19,False,,2023,4
26/04/2023,17:19:00,121/23,Jwaneng,Jwaneng 132/33kV Transformer 9 LV CB 9H0,33.0,Distribution,South,Clear,18:02:00,0.72,SCADA / Mosarwe,Load loss to Debswana Mine Boreholes power supply.,April,High,Permanent,distribution,Monthly Fault Data Analysis Jan2023_June2025 Distribution only (1).xlsx,26/04/2023,2023-04-26,17:19:00,2026-03-19 17:19:00,clock,18:02:00,2026-03-19 18:02:00,clock,2023-04-26 17:19:00,2023-04-26 18:02:00,0.7166666666666667,0.72,33.0,clear,mosarwe,load loss to debswana mine boreholes power supply.,jwaneng 132/33kv transformer 9 lv cb 9h0,jwaneng,Distribution,South,high,permanent,2023-04-26,17:19,False,,2023,4
2023-05-05 00:00:00,15:15:00,124/23,B/HURST,B/HURST 132/11kV Transformer 2 LV CB 4H0,11.0,Distribution,South,Clear,17:05:00,1.83,SCADA/MAKOKO,Intertrip Receive/Send; Tripped,May,High,Permanent,distribution,Monthly Fault Data Analysis Jan2023_June2025 Distribution only (1).xlsx,2023-05-05 00:00:00,2023-05-05,15:15:00,2026-03-19 15:15:00,clock,17:05:00,2026-03-19 17:05:00,clock,2023-05-05 15:15:00,2023-05-05 17:05:00,1.8333333333333333,1.83,11.0,clear,makoko,intertrip receive/send; tripped,b/hurst 132/11kv transformer 2 lv cb 4h0,b/hurst,Distribution,South,high,permanent,2023-05-05,15:15,False,,2023,5
2023-05-05 00:00:00,15:15:00,124/23,MOGS,MOGS 132/11kV Transformer 3 HV CB 410,11.0,Distribution,South,Clear,17:08:00,1.88,SCADA,Intertrip Receive; Tripped,May,High,Permanent,distribution,Monthly Fault Data Analysis Jan2023_June2025 Distribution only (1).xlsx,2023-05-05 00:00:00,2023-05-05,15:15:00,2026-03-19 15:15:00,clock,17:08:00,2026-03-19 17:08:00,clock,2023-05-05 15:15:00,2023-05-05 17:08:00,1.8833333333333333,1.88,11.0,clear,scada,intertrip receive; tripped,mogs 132/11kv transformer 3 hv cb 410,mogs,Distribution,South,high,permanent,2023-05-05,15:15,False,,2023,5
2023-05-05 00:00:00,15:15:00,124/23,MOGS,MOGS 132/11kV Transformer 3 LV CB 3H0,11.0,Distribution,South,Clear,17:13:00,1.97,SCADA,Tripped,May,High,Permanent,distribution,Monthly Fault Data Analysis Jan2023_June2025 Distribution only (1).xlsx,2023-05-05 00:00:00,2023-05-05,15:15:00,2026-03-19 15:15:00,clock,17:13:00,2026-03-19 17:13:00,clock,2023-05-05 15:15:00,2023-05-05 17:13:00,1.9666666666666666,1.97,11.0,clear,scada,tripped,mogs 132/11kv transformer 3 lv cb 3h0,mogs,Distribution,South,high,permanent,2023-05-05,15:15,False,,2023,5
2023-05-05 00:00:00,15:15:00,124/23,MOGS,MOGS 132/11kV Transformer 4 HV CB 510,11.0,Distribution,South,Clear,17:08:00,1.88,SCADA,Intertrip Receive; Tripped,May,High,Permanent,distribution,Monthly Fault Data Analysis Jan2023_June2025 Distribution only (1).xlsx,2023-05-05 00:00:00,2023-05-05,15:15:00,2026-03-19 15:15:00,clock,17:08:00,2026-03-19 17:08:00,clock,2023-05-05 15:15:00,2023-05-05 17:08:00,1.8833333333333333,1.88,11.0,clear,scada,intertrip receive; tripped,mogs 132/11kv transformer 4 hv cb 510,mogs,Distribution,South,high,permanent,2023-05-05,15:15,False,,2023,5
2023-05-05 00:00:00,15:15:00,124/23,MOGS,MOGS 132/11kV Transformer 4 LV CB 4H0,11.0,Distribution,South,Clear,17:13:00,1.97,SCADA,Tripped,May,High,Permanent,distribution,Monthly Fault Data Analysis Jan2023_June2025 Distribution only (1).xlsx,2023-05-05 00:00:00,2023-05-05,15:15:00,2026-03-19 15:15:00,clock,17:13:00,2026-03-19 17:13:00,clock,2023-05-05 15:15:00,2023-05-05 17:13:00,1.9666666666666666,1.97,11.0,clear,scada,tripped,mogs 132/11kv transformer 4 lv cb 4h0,mogs,Distribution,South,high,permanent,2023-05-05,15:15,False,,2023,5
2023-08-05 00:00:00,00:16:00,128/23,Mowana,Mowana 132/11kV Transformer 1,11.0,Distribution,IPS,Clear,05:22:00,5.1,SCADA,Overvoltage; Tripped,May,High,Permanent,distribution,Monthly Fault Data Analysis Jan2023_June2025 Distribution only (1).xlsx,2023-08-05 00:00:00,2023-05-08,00:16:00,2026-03-19 00:16:00,clock,05:22:00,2026-03-19 05:22:00,clock,2023-05-08 00:16:00,2023-05-08 05:22:00,5.1,5.1,11.0,clear,scada,overvoltage; tripped,mowana 132/11kv transformer 1,mowana,Distribution,IPS,high,permanent,2023-05-08,00:16,False,,2023,5
2023-08-05 00:00:00,00:13:00,128/23,Orapa,Orapa 2 220/33kV Transformer 1 HV CB H10,33.0,Distribution,IPS,Clear,05:41:00,5.47,SCADA,Overvoltage; Tripped,May,High,Permanent,distribution,Monthly Fault Data Analysis Jan2023_June2025 Distribution only (1).xlsx,2023-08-05 00:00:00,2023-05-08,00:13:00,2026-03-19 00:13:00,clock,05:41:00,2026-03-19 05:41:00,clock,2023-05-08 00:13:00,2023-05-08 05:41:00,5.466666666666667,5.47,33.0,clear,scada,overvoltage; tripped,orapa 2 220/33kv transformer 1 hv cb h10,orapa,Distribution,IPS,high,permanent,2023-05-08,00:13,False,,2023,5
31/05/2023,05:14:00,140/23,Gov/Enclave,Gov/Enclave 132/11kV TRF 2 HV CB 280,11.0,Distribution,South,Cloudy,15:03:00,9.82,SCADA/Ntoko,Master Trip Operated; Tap Change Buchholz Operated,May,High,Permanent,distribution,Monthly Fault Data Analysis Jan2023_June2025 Distribution only (1).xlsx,31/05/2023,2023-05-31,05:14:00,2026-03-19 05:14:00,clock,15:03:00,2026-03-19 15:03:00,clock,2023-05-31 05:14:00,2023-05-31 15:03:00,9.816666666666666,9.82,11.0,cloudy,ntoko,master trip operated; tap change buchholz operated,gov/enclave 132/11kv trf 2 hv cb 280,gov/enclave,Distribution,South,high,permanent,2023-05-31,05:14,False,,2023,5
31/05/2023,05:14:00,140/23,Gov/Enclave,Gov/Enclave 132/11kV TRF 2 LV CB 2HO,11.0,Distribution,South,Cloudy,15:03:00,9.82,SCADA/Ntoko,Under Frequency; Protection Trip,May,High,Permanent,distribution,Monthly Fault Data Analysis Jan2023_June2025 Distribution only (1).xlsx,31/05/2023,2023-05-31,05:14:00,2026-03-19 05:14:00,clock,15:03:00,2026-03-19 15:03:00,clock,2023-05-31 05:14:00,2023-05-31 15:03:00,9.816666666666666,9.82,11.0,cloudy,ntoko,under frequency; protection trip,gov/enclave 132/11kv trf 2 lv cb 2ho,gov/enclave,Distribution,South,high,permanent,2023-05-31,05:14,False,,2023,5
2023-02-06 00:00:00,10:48:00,141/23,Maun,Maun 132/11kV Transformer 1 HV CB 110,11.0,Distribution,North,Clear,11:25:00,0.62,SCADA/MOSALA,Did not trip initially; High set O/C on Matshwane feeder; later tripped,June,High,Permanent,distribution,Monthly Fault Data Analysis Jan2023_June2025 Distribution only (1).xlsx,2023-02-06 00:00:00,2023-06-02,10:48:00,2026-03-19 10:48:00,clock,11:25:00,2026-03-19 11:25:00,clock,2023-06-02 10:48:00,2023-06-02 11:25:00,0.6166666666666667,0.62,11.0,clear,mosala,did not trip initially; high set o/c on matshwane feeder; later tripped,maun 132/11kv transformer 1 hv cb 110,maun,Distribution,North,high,permanent,2023-06-02,10:48,False,,2023,6
2023-02-06 00:00:00,10:48:00,141/23,Maun,Maun 132/11kV Transformer 2 LV CB 2TO,11.0,Distribution,North,Clear,11:25:00,0.62,SCADA/MOSALA,O/C trip,June,High,Permanent,distribution,Monthly Fault Data Analysis Jan2023_June2025 Distribution only (1).xlsx,2023-02-06 00:00:00,2023-06-02,10:48:00,2026-03-19 10:48:00,clock,11:25:00,2026-03-19 11:25:00,clock,2023-06-02 10:48:00,2023-06-02 11:25:00,0.6166666666666667,0.62,11.0,clear,mosala,o/c trip,maun 132/11kv transformer 2 lv cb 2to,maun,Distribution,North,high,permanent,2023-06-02,10:48,False,,2023,6
15/06/2023,15:18:00,147/23,Makoba,Makoba 132/33kV T2 HV & LV CBs 210 & T20,33.0,Distribution,North West,Clear,15:40:00,0.37,SCADA/Chabalala,LV Bus zone 2 trip & Mastertrip operated,June,Medium,Sustained,distribution,Monthly Fault Data Analysis Jan2023_June2025 Distribution only (1).xlsx,15/06/2023,2023-06-15,15:18:00,2026-03-19 15:18:00,clock,15:40:00,2026-03-19 15:40:00,clock,2023-06-15 15:18:00,2023-06-15 15:40:00,0.36666666666666664,0.37,33.0,clear,chabalala,lv bus zone 2 trip & mastertrip operated,makoba 132/33kv t2 hv & lv cbs 210 & t20,makoba,Distribution,North West,medium,sustained,2023-06-15,15:18,False,,2023,6
15/06/2023,15:18:00,147/23,Makoba,33kV Bus Bar B/S CB S10,33.0,Distribution,North West,Clear,15:40:00,0.37,SCADA/Chabalala,"Zone 2 trip, Check Zine trip & Zone 2 trip L1",June,Medium,Sustained,distribution,Monthly Fault Data Analysis Jan2023_June2025 Distribution only (1).xlsx,15/06/2023,2023-06-15,15:18:00,2026-03-19 15:18:00,clock,15:40:00,2026-03-19 15:40:00,clock,2023-06-15 15:18:00,2023-06-15 15:40:00,0.36666666666666664,0.37,33.0,clear,chabalala,"zone 2 trip, check zine trip & zone 2 trip l1",33kv bus bar b/s cb s10,makoba,Distribution,North West,medium,sustained,2023-06-15,15:18,False,,2023,6
29/06/2023,02:28:00,154/23,Motheo Mine,Motheo Mine 11kV B/Section CB 1SO,11.0,Distribution,North West,Clear,04:07:00,1.65,Scada/CSS,No indication; Tripped,June,High,Permanent,distribution,Monthly Fault Data Analysis Jan2023_June2025 Distribution only (1).xlsx,29/06/2023,2023-06-29,02:28:00,2026-03-19 02:28:00,clock,04:07:00,2026-03-19 04:07:00,clock,2023-06-29 02:28:00,2023-06-29 04:07:00,1.65,1.65,11.0,clear,css,no indication; tripped,motheo mine 11kv b/section cb 1so,motheo mine,Distribution,North West,high,permanent,2023-06-29,02:28,False,,2023,6
08/08/2023,03:35,150/23,Morupule A,Morupule A Generator 3 11kV CB 3G0,11.0,Distribution,Central,Clear,TBA,0.0,SCADA,Thermal Stress; Tripped,August,Low,Transient,distribution,Monthly Fault Data Analysis Jan2023_June2025 Distribution only (1).xlsx,08/08/2023,2023-08-08,03:35,1900-01-01 03:35:00,clock,TBA,,unparsed,2023-08-08 03:35:00,,,0.0,11.0,clear,scada,thermal stress; tripped,morupule a generator 3 11kv cb 3g0,morupule a,Distribution,Central,low,transient,2023-08-08,03:35,False,,2023,8
23/09/2023,21:26,162/23,Kgale View,Kgale View T1 & T2 11kV LV CB 1H0,11.0,Distribution,South,Clear, 00:24,2.97,Scada / Galetshetse,Arc protection; TRIP,September,High,Permanent,distribution,Monthly Fault Data Analysis Jan2023_June2025 Distribution only (1).xlsx,23/09/2023,2023-09-23,21:26,1900-01-01 21:26:00,clock,00:24,1900-01-01 00:24:00,clock,2023-09-23 21:26:00,2023-09-24 00:24:00,2.966666666666667,2.97,11.0,clear,galetshetse,arc protection; trip,kgale view t1 & t2 11kv lv cb 1h0,kgale view,Distribution,South,high,permanent,2023-09-23,21:26,False,,2023,9
23/09/2023,21:26:00,162/23,Kgale View,Kgale View T1 & T2 11kV LV CB 2H0,11.0,Distribution,South,Clear, 23:03,1.62,SCADA/Galetshetse,Arc protection; TRIP,September,High,Permanent,distribution,Monthly Fault Data Analysis Jan2023_June2025 Distribution only (1).xlsx,23/09/2023,2023-09-23,21:26:00,2026-03-19 21:26:00,clock,23:03,1900-01-01 23:03:00,clock,2023-09-23 21:26:00,2023-09-23 23:03:00,1.6166666666666667,1.62,11.0,clear,galetshetse,arc protection; trip,kgale view t1 & t2 11kv lv cb 2h0,kgale view,Distribution,South,high,permanent,2023-09-23,21:26,False,,2023,9
23/09/2023,21:26:00,162/23,Kgale View,Kgale View B/section CB 1SO,11.0,Distribution,South,Clear, 00:24,2.97,SCADA/Galetshetse,Arc protection; TRIP,September,High,Permanent,distribution,Monthly Fault Data Analysis Jan2023_June2025 Distribution only (1).xlsx,23/09/2023,2023-09-23,21:26:00,2026-03-19 21:26:00,clock,00:24,1900-01-01 00:24:00,clock,2023-09-23 21:26:00,2023-09-24 00:24:00,2.966666666666667,2.97,11.0,clear,galetshetse,arc protection; trip,kgale view b/section cb 1so,kgale view,Distribution,South,high,permanent,2023-09-23,21:26,False,,2023,9
24/09/2023,06:08,163/23,Karowe,Karowe T1 LV CB 1T0,11.0,Distribution,North,Clear,,0.0,SCADA/Phillip,TRIP (No load loss as B/Section CB 1SO was closed),September,Low,Transient,distribution,Monthly Fault Data Analysis Jan2023_June2025 Distribution only (1).xlsx,24/09/2023,2023-09-24,06:08,1900-01-01 06:08:00,clock,,,missing,2023-09-24 06:08:00,,,0.0,11.0,clear,phillip,trip (no load loss as b/section cb 1so was closed),karowe t1 lv cb 1t0,karowe,Distribution,North,low,transient,2023-09-24,06:08,False,,2023,9
28/09/2023,18:55,164/23,Phakalane,Phakalane T1B LV CB 1HOB,11.0,Distribution,South,Clear,19:00,0.08,SCADA/Selei,Buchholz Alarm; TRIP,September,Low,Transient,distribution,Monthly Fault Data Analysis Jan2023_June2025 Distribution only (1).xlsx,28/09/2023,2023-09-28,18:55,1900-01-01 18:55:00,clock,19:00,1900-01-01 19:00:00,clock,2023-09-28 18:55:00,2023-09-28 19:00:00,0.08333333333333333,0.08,11.0,clear,selei,buchholz alarm; trip,phakalane t1b lv cb 1hob,phakalane,Distribution,South,low,transient,2023-09-28,18:55,False,,2023,9
05/10/2023,12:37:00,168/23,BDHT,BDHT 132/11kV Transformer 1,11.0,Distribution,South,Clear,13:15,0.63,SCADA / Ntoko,"Zone 1,2,3 Trip, Master Trip, Underfreq",October,High,Permanent,distribution,Monthly Fault Data Analysis Jan2023_June2025 Distribution only (1).xlsx,05/10/2023,2023-10-05,12:37:00,2026-03-19 12:37:00,clock,13:15,1900-01-01 13:15:00,clock,2023-10-05 12:37:00,2023-10-05 13:15:00,0.6333333333333333,0.63,11.0,clear,ntoko,"zone 1,2,3 trip, master trip, underfreq",bdht 132/11kv transformer 1,bdht,Distribution,South,high,permanent,2023-10-05,12:37,False,,2023,10
17/11/2023,,191/23,Gab East,Gab East 132/11kV T2B LV CB 2HOB,11.0,Distribution,South,Clear,07:58,1.95,SCADA / Ntoko,Trip,November,High,Permanent,distribution,Monthly Fault Data Analysis Jan2023_June2025 Distribution only (1).xlsx,17/11/2023,2023-11-17,,,missing,07:58,1900-01-01 07:58:00,clock,,2023-11-17 07:58:00,,1.95,11.0,clear,ntoko,trip,gab east 132/11kv t2b lv cb 2hob,gab east,Distribution,South,high,permanent,2023-11-17,missing,False,,2023,11
17/11/2023,,191/23,Gab East,11kV Bussection CB 1SOB,11.0,Distribution,South,Clear,08:15,2.18,SCADA / Ntoko,"Master trip, Buszone trip, Trip Circuit Supervision 1",November,High,Permanent,distribution,Monthly Fault Data Analysis Jan2023_June2025 Distribution only (1).xlsx,17/11/2023,2023-11-17,,,missing,08:15,1900-01-01 08:15:00,clock,,2023-11-17 08:15:00,,2.18,11.0,clear,ntoko,"master trip, buszone trip, trip circuit supervision 1",11kv bussection cb 1sob,gab east,Distribution,South,high,permanent,2023-11-17,missing,False,,2023,11
18/11/2023,,192/23,Gab East,Gab East 132/11kV T1B LV CB 1HOB,11.0,Distribution,South,Clear,02:57,2.27,SCADA / Ntoko,"Buszone operated, VT Fail",November,High,Permanent,distribution,Monthly Fault Data Analysis Jan2023_June2025 Distribution only (1).xlsx,18/11/2023,2023-11-18,,,missing,02:57,1900-01-01 02:57:00,clock,,2023-11-18 02:57:00,,2.27,11.0,clear,ntoko,"buszone operated, vt fail",gab east 132/11kv t1b lv cb 1hob,gab east,Distribution,South,high,permanent,2023-11-18,missing,False,,2023,11
18/11/2023,,192/23,Gab East,Gab East 132/11kV T2B LV CB 2HOB,11.0,Distribution,South,Clear,02:58,2.28,SCADA / Ntoko,Tripped,November,High,Permanent,distribution,Monthly Fault Data Analysis Jan2023_June2025 Distribution only (1).xlsx,18/11/2023,2023-11-18,,,missing,02:58,1900-01-01 02:58:00,clock,,2023-11-18 02:58:00,,2.28,11.0,clear,ntoko,tripped,gab east 132/11kv t2b lv cb 2hob,gab east,Distribution,South,high,permanent,2023-11-18,missing,False,,2023,11
18/11/2023,,192/23,Gab East,Gab East 132/11kV T3B LV CB 3HOB,11.0,Distribution,South,Clear,02:58,2.28,SCADA / Ntoko,Tripped,November,High,Permanent,distribution,Monthly Fault Data Analysis Jan2023_June2025 Distribution only (1).xlsx,18/11/2023,2023-11-18,,,missing,02:58,1900-01-01 02:58:00,clock,,2023-11-18 02:58:00,,2.28,11.0,clear,ntoko,tripped,gab east 132/11kv t3b lv cb 3hob,gab east,Distribution,South,high,permanent,2023-11-18,missing,False,,2023,11
18/11/2023,,192/23,Gab East,Gab East 11kV CB 1SOB,11.0,Distribution,South,Clear,02:58,2.28,,"Phase A & B trip, Buszone Phase B and C",November,High,Permanent,distribution,Monthly Fault Data Analysis Jan2023_June2025 Distribution only (1).xlsx,18/11/2023,2023-11-18,,,missing,02:58,1900-01-01 02:58:00,clock,,2023-11-18 02:58:00,,2.28,11.0,clear,unknown,"phase a & b trip, buszone phase b and c",gab east 11kv cb 1sob,gab east,Distribution,South,high,permanent,2023-11-18,missing,False,,2023,11
12/12/2023,17:51,206/23,Morupule A,Morp.A Unit 2 12kV CB 2GO,12.0,Distribution,Central,Clear,TBA,0.0,SCADA,Flame failure; TRIPPED,December,Low,Transient,distribution,Monthly Fault Data Analysis Jan2023_June2025 Distribution only (1).xlsx,12/12/2023,2023-12-12,17:51,1900-01-01 17:51:00,clock,TBA,,unparsed,2023-12-12 17:51:00,,,0.0,12.0,clear,scada,flame failure; tripped,morp.a unit 2 12kv cb 2go,morupule a,Distribution,Central,low,transient,2023-12-12,17:51,False,,2023,12
15/12/2023,17:06,206/23,Hydromet,Hydromet 66/33kV TRF 01 HV CB H10,33.0,Distribution,North,Clear,18:54,1.8,Scada/Kahona/Chabalala,"Tertiary E/Fault, Master Trip; TRIPPED",December,High,Permanent,distribution,Monthly Fault Data Analysis Jan2023_June2025 Distribution only (1).xlsx,15/12/2023,2023-12-15,17:06,1900-01-01 17:06:00,clock,18:54,1900-01-01 18:54:00,clock,2023-12-15 17:06:00,2023-12-15 18:54:00,1.8,1.8,33.0,clear,kahona/chabalala,"tertiary e/fault, master trip; tripped",hydromet 66/33kv trf 01 hv cb h10,hydromet,Distribution,North,high,permanent,2023-12-15,17:06,False,,2023,12
15/12/2023,,206/23,Hydromet,Hydromet 66/33kV TRF 01 LV CB 180,33.0,Distribution,North,Clear,18:54,1.8,Scada/Kahona/Chabalala,"Tertiary E/Fault, Master Trip; TRIPPED",December,High,Permanent,distribution,Monthly Fault Data Analysis Jan2023_June2025 Distribution only (1).xlsx,15/12/2023,2023-12-15,,,missing,18:54,1900-01-01 18:54:00,clock,,2023-12-15 18:54:00,,1.8,33.0,clear,kahona/chabalala,"tertiary e/fault, master trip; tripped",hydromet 66/33kv trf 01 lv cb 180,hydromet,Distribution,North,high,permanent,2023-12-15,missing,False,,2023,12
15/12/2023,,206/23,Hydromet,33kV Bus Coupler CB 130,33.0,Distribution,North,Clear,18:04,0.97,SCADA/Kahona,Closed to restore supply via TX 03,December,High,Permanent,distribution,Monthly Fault Data Analysis Jan2023_June2025 Distribution only (1).xlsx,15/12/2023,2023-12-15,,,missing,18:04,1900-01-01 18:04:00,clock,,2023-12-15 18:04:00,,0.97,33.0,clear,kahona,closed to restore supply via tx 03,33kv bus coupler cb 130,hydromet,Distribution,North,high,permanent,2023-12-15,missing,False,,2023,12
23/12/2023,14:38,211/23,Morupule A,Morp.A Unit 1 12kV CB 1GO,12.0,Distribution,Central,Clear,TBA,0.0,SCADA,Furnace pressure high; TRIPPED,December,Low,Transient,distribution,Monthly Fault Data Analysis Jan2023_June2025 Distribution only (1).xlsx,23/12/2023,2023-12-23,14:38,1900-01-01 14:38:00,clock,TBA,,unparsed,2023-12-23 14:38:00,,,0.0,12.0,clear,scada,furnace pressure high; tripped,morp.a unit 1 12kv cb 1go,morupule a,Distribution,Central,low,transient,2023-12-23,14:38,False,,2023,12
25/12/2023,09:50,211/23,Orapa 1,Orapa 1 220/33 kV Tx 3: HV CB H30,33.0,Distribution,Central,Rainy,13:58,4.13,SCADA/Likokoto,Tap changer overpressure trip; Water ingress found on overpressure termination box,December,High,Permanent,distribution,Monthly Fault Data Analysis Jan2023_June2025 Distribution only (1).xlsx,25/12/2023,2023-12-25,09:50,1900-01-01 09:50:00,clock,13:58,1900-01-01 13:58:00,clock,2023-12-25 09:50:00,2023-12-25 13:58:00,4.133333333333334,4.13,33.0,rainy/stormy,likokoto,tap changer overpressure trip; water ingress found on overpressure termination box,orapa 1 220/33 kv tx 3: hv cb h30,orapa 1,Distribution,Central,high,permanent,2023-12-25,09:50,False,,2023,12
27/12/2023,00:39,213/23,Morupule A,Morupule A 12kV CB 3GO,12.0,Distribution,Central,Cloudy,05:05,4.43,Obed,Generator temperature high; Tripped,December,High,Permanent,distribution,Monthly Fault Data Analysis Jan2023_June2025 Distribution only (1).xlsx,27/12/2023,2023-12-27,00:39,1900-01-01 00:39:00,clock,05:05,1900-01-01 05:05:00,clock,2023-12-27 00:39:00,2023-12-27 05:05:00,4.433333333333334,4.43,12.0,cloudy,obed,generator temperature high; tripped,morupule a 12kv cb 3go,morupule a,Distribution,Central,high,permanent,2023-12-27,00:39,False,,2023,12
04/01/2024,02:10,005/24,Gaphatshwa,132/11kV T3 CB 3H0,11.0,Distribution,South,Clear,03:51,1.68,SCADA/Ntoko,TRIP,January,High,Permanent,distribution,Monthly Fault Data Analysis Jan2023_June2025 Distribution only (1).xlsx,04/01/2024,2024-01-04,02:10,1900-01-01 02:10:00,clock,03:51,1900-01-01 03:51:00,clock,2024-01-04 02:10:00,2024-01-04 03:51:00,1.6833333333333333,1.68,11.0,clear,ntoko,trip,132/11kv t3 cb 3h0,gaphatshwa,Distribution,South,high,permanent,2024-01-04,02:10,False,,2024,1
04/01/2024,05:23,005/24,Gaphatshwa,132/11kV T4 CB 4H0,11.0,Distribution,South,Clear,03:51,1.68,SCADA/Ntoko,TRIP,January,High,Permanent,distribution,Monthly Fault Data Analysis Jan2023_June2025 Distribution only (1).xlsx,04/01/2024,2024-01-04,05:23,1900-01-01 05:23:00,clock,03:51,1900-01-01 03:51:00,clock,2024-01-04 05:23:00,2024-01-05 03:51:00,22.466666666666665,1.68,11.0,clear,ntoko,trip,132/11kv t4 cb 4h0,gaphatshwa,Distribution,South,high,permanent,2024-01-04,05:23,False,,2024,1
07/01/2024,11:52,008/24,F/Town West,F/Town West 132/11kV Transformer 1 : LV CB 1HOA,11.0,Distribution,North,Clear,12:53,1.02,SCADA/Chabalala,"master trip, High set O/C, On Bus Section CB - High set O/C; Tripped",January,High,Permanent,distribution,Monthly Fault Data Analysis Jan2023_June2025 Distribution only (1).xlsx,07/01/2024,2024-01-07,11:52,1900-01-01 11:52:00,clock,12:53,1900-01-01 12:53:00,clock,2024-01-07 11:52:00,2024-01-07 12:53:00,1.0166666666666666,1.02,11.0,clear,chabalala,"master trip, high set o/c, on bus section cb - high set o/c; tripped",f/town west 132/11kv transformer 1 : lv cb 1hoa,f/town west,Distribution,North,high,permanent,2024-01-07,11:52,False,,2024,1
07/01/2024,11:52,008/24,F/Town West,11kV B/Section : CB 1S0A,11.0,Distribution,North,Clear,12:53,1.02,SCADA/Chabalala,Tripped,January,High,Permanent,distribution,Monthly Fault Data Analysis Jan2023_June2025 Distribution only (1).xlsx,07/01/2024,2024-01-07,11:52,1900-01-01 11:52:00,clock,12:53,1900-01-01 12:53:00,clock,2024-01-07 11:52:00,2024-01-07 12:53:00,1.0166666666666666,1.02,11.0,clear,chabalala,tripped,11kv b/section : cb 1s0a,f/town west,Distribution,North,high,permanent,2024-01-07,11:52,False,,2024,1
15/01/2024,22:15,019/24,Ghanzi,Ghanzi 132/11kV T1 LV CB 1H0,11.0,Distribution,South,Cloudy,03:43:00,5.47,Rasefako,Phase B-C O/C protetction; Tripped,January,High,Permanent,distribution,Monthly Fault Data Analysis Jan2023_June2025 Distribution only (1).xlsx,15/01/2024,2024-01-15,22:15,1900-01-01 22:15:00,clock,03:43:00,2026-03-19 03:43:00,clock,2024-01-15 22:15:00,2024-01-16 03:43:00,5.466666666666667,5.47,11.0,cloudy,rasefako,phase b-c o/c protetction; tripped,ghanzi 132/11kv t1 lv cb 1h0,ghanzi,Distribution,South,high,permanent,2024-01-15,22:15,False,,2024,1
15/01/2024,22:15,019/24,Ghanzi,Ghanzi 132/11kV T2 LV CB 2H0,11.0,Distribution,South,Cloudy,03:43:00,5.47,Rasefako,Phase B-C O/C protetction; Tripped,January,High,Permanent,distribution,Monthly Fault Data Analysis Jan2023_June2025 Distribution only (1).xlsx,15/01/2024,2024-01-15,22:15,1900-01-01 22:15:00,clock,03:43:00,2026-03-19 03:43:00,clock,2024-01-15 22:15:00,2024-01-16 03:43:00,5.466666666666667,5.47,11.0,cloudy,rasefako,phase b-c o/c protetction; tripped,ghanzi 132/11kv t2 lv cb 2h0,ghanzi,Distribution,South,high,permanent,2024-01-15,22:15,False,,2024,1
16/01/2024,10:00,023/24,Ramotswa,Ramotswa 132/11kV T3 HV CB 310,11.0,Distribution,South,Clear,10:27,0.45,SCADA/Ntoko,"Zone 1,2,3 Trip, Master Trip, Underfreq; Tripped",January,Medium,Sustained,distribution,Monthly Fault Data Analysis Jan2023_June2025 Distribution only (1).xlsx,16/01/2024,2024-01-16,10:00,1900-01-01 10:00:00,clock,10:27,1900-01-01 10:27:00,clock,2024-01-16 10:00:00,2024-01-16 10:27:00,0.45,0.45,11.0,clear,ntoko,"zone 1,2,3 trip, master trip, underfreq; tripped",ramotswa 132/11kv t3 hv cb 310,ramotswa,Distribution,South,medium,sustained,2024-01-16,10:00,False,,2024,1
16/01/2024,10:00,023/24,Ramotswa,Ramotswa 132/11kV T3 LV CB 3H0,11.0,Distribution,South,Clear,10:27,0.45,SCADA/Ntoko,"Zone 1,2,3 Trip, Master Trip, Underfreq; Tripped",January,Medium,Sustained,distribution,Monthly Fault Data Analysis Jan2023_June2025 Distribution only (1).xlsx,16/01/2024,2024-01-16,10:00,1900-01-01 10:00:00,clock,10:27,1900-01-01 10:27:00,clock,2024-01-16 10:00:00,2024-01-16 10:27:00,0.45,0.45,11.0,clear,ntoko,"zone 1,2,3 trip, master trip, underfreq; tripped",ramotswa 132/11kv t3 lv cb 3h0,ramotswa,Distribution,South,medium,sustained,2024-01-16,10:00,False,,2024,1
26/01/2024,08:34,028/24,Jwaneng,Jwaneng 132/33 kV Transformer 8: LV CB 8H0,33.0,Distribution,South,Clear,09:04,0.5,SCADA / Baikgantshi,"33kV bus zone: R-ɸ start, 89 alarm, 87 DIFF start, breaker fail, W-ɸ start, B-ɸ trip, zone 1 trip; Tripped",January,Medium,Sustained,distribution,Monthly Fault Data Analysis Jan2023_June2025 Distribution only (1).xlsx,26/01/2024,2024-01-26,08:34,1900-01-01 08:34:00,clock,09:04,1900-01-01 09:04:00,clock,2024-01-26 08:34:00,2024-01-26 09:04:00,0.5,0.5,33.0,clear,baikgantshi,"33kv bus zone: r-ɸ start, 89 alarm, 87 diff start, breaker fail, w-ɸ start, b-ɸ trip, zone 1 trip; tripped",jwaneng 132/33 kv transformer 8: lv cb 8h0,jwaneng,Distribution,South,medium,sustained,2024-01-26,08:34,False,,2024,1
26/01/2024,08:34,028/24,Jwaneng,33kV Cap Bank 2 CB 4L5,33.0,Distribution,South,Clear,09:17,0.72,SCADA / Baikgantshi,Tripped,January,High,Permanent,distribution,Monthly Fault Data Analysis Jan2023_June2025 Distribution only (1).xlsx,26/01/2024,2024-01-26,08:34,1900-01-01 08:34:00,clock,09:17,1900-01-01 09:17:00,clock,2024-01-26 08:34:00,2024-01-26 09:17:00,0.7166666666666667,0.72,33.0,clear,baikgantshi,tripped,33kv cap bank 2 cb 4l5,jwaneng,Distribution,South,high,permanent,2024-01-26,08:34,False,,2024,1
26/01/2024,,028/24,Jwaneng,Jwaneng 132/33 kV Transformer 8: HV CB 110,33.0,Distribution,South,Clear,,0.0,SCADA / Baikgantshi,Did not trip,January,Low,Transient,distribution,Monthly Fault Data Analysis Jan2023_June2025 Distribution only (1).xlsx,26/01/2024,2024-01-26,,,missing,,,missing,,,,0.0,33.0,clear,baikgantshi,did not trip,jwaneng 132/33 kv transformer 8: hv cb 110,jwaneng,Distribution,South,low,transient,2024-01-26,missing,False,,2024,1
26/01/2024,12:38,029/24,Gab East,Gab EAST 132/11 kV Transformer 2B: HV CB 210B,11.0,Distribution,South,Clear,13:15,0.62,SCADA / Makoko,Did not trip initially; Tripped,January,High,Permanent,distribution,Monthly Fault Data Analysis Jan2023_June2025 Distribution only (1).xlsx,26/01/2024,2024-01-26,12:38,1900-01-01 12:38:00,clock,13:15,1900-01-01 13:15:00,clock,2024-01-26 12:38:00,2024-01-26 13:15:00,0.6166666666666667,0.62,11.0,clear,makoko,did not trip initially; tripped,gab east 132/11 kv transformer 2b: hv cb 210b,gab east,Distribution,South,high,permanent,2024-01-26,12:38,False,,2024,1
26/01/2024,12:38,029/24,Gab East,LV CB 2H0B,11.0,Distribution,South,Clear,13:16,0.63,SCADA / Makoko,Instateneous trip; Tripped,January,High,Permanent,distribution,Monthly Fault Data Analysis Jan2023_June2025 Distribution only (1).xlsx,26/01/2024,2024-01-26,12:38,1900-01-01 12:38:00,clock,13:16,1900-01-01 13:16:00,clock,2024-01-26 12:38:00,2024-01-26 13:16:00,0.6333333333333333,0.63,11.0,clear,makoko,instateneous trip; tripped,lv cb 2h0b,gab east,Distribution,South,high,permanent,2024-01-26,12:38,False,,2024,1
26/01/2024,12:38,029/24,Gab East,11 kV Bus Section CB 1S0B,11.0,Distribution,South,Clear,13:18,0.67,SCADA / Makoko,"L/H bus zone 3ɸ trip, Centre zone trip, bus zone A & B trip; Tripped",January,High,Permanent,distribution,Monthly Fault Data Analysis Jan2023_June2025 Distribution only (1).xlsx,26/01/2024,2024-01-26,12:38,1900-01-01 12:38:00,clock,13:18,1900-01-01 13:18:00,clock,2024-01-26 12:38:00,2024-01-26 13:18:00,0.6666666666666666,0.67,11.0,clear,makoko,"l/h bus zone 3ɸ trip, centre zone trip, bus zone a & b trip; tripped",11 kv bus section cb 1s0b,gab east,Distribution,South,high,permanent,2024-01-26,12:38,False,,2024,1
2024-02-07,17:59,041/24,Ghanzi,Ghanzi Tx 1 LV CB 1H0,11.0,Distribution,NW,Clear,18:44,0.75,SCADA,O/C trip; Through fault from feeder 2L5,February,High,Permanent,distribution,Monthly Fault Data Analysis Jan2023_June2025 Distribution only (1).xlsx,2024-02-07,2024-02-07,17:59,1900-01-01 17:59:00,clock,18:44,1900-01-01 18:44:00,clock,2024-02-07 17:59:00,2024-02-07 18:44:00,0.75,0.75,11.0,clear,scada,o/c trip; through fault from feeder 2l5,ghanzi tx 1 lv cb 1h0,ghanzi,Distribution,NW,high,permanent,2024-02-07,17:59,False,,2024,2
2024-02-07,17:59,041/24,Ghanzi,Ghanzi Tx 2 LV CB 2H0,11.0,Distribution,NW,Clear,18:44,0.75,SCADA,O/C trip,February,High,Permanent,distribution,Monthly Fault Data Analysis Jan2023_June2025 Distribution only (1).xlsx,2024-02-07,2024-02-07,17:59,1900-01-01 17:59:00,clock,18:44,1900-01-01 18:44:00,clock,2024-02-07 17:59:00,2024-02-07 18:44:00,0.75,0.75,11.0,clear,scada,o/c trip,ghanzi tx 2 lv cb 2h0,ghanzi,Distribution,NW,high,permanent,2024-02-07,17:59,False,,2024,2
2024-02-11,10:03,046/24,GAB EAST,Tx 2B HV CB 210B,11.0,Distribution,South,Clear,10:42,0.65,SCADA/Makoko,Tripped,February,High,Permanent,distribution,Monthly Fault Data Analysis Jan2023_June2025 Distribution only (1).xlsx,2024-02-11,2024-02-11,10:03,1900-01-01 10:03:00,clock,10:42,1900-01-01 10:42:00,clock,2024-02-11 10:03:00,2024-02-11 10:42:00,0.65,0.65,11.0,clear,makoko,tripped,tx 2b hv cb 210b,gab east,Distribution,South,high,permanent,2024-02-11,10:03,False,,2024,2
2024-02-11,11:00,046/24,GAB EAST,Tx 2B LV CB 2H0B,11.0,Distribution,South,Clear,11:29,0.48,SCADA/Makoko,Tripped again during restoration,February,Medium,Sustained,distribution,Monthly Fault Data Analysis Jan2023_June2025 Distribution only (1).xlsx,2024-02-11,2024-02-11,11:00,1900-01-01 11:00:00,clock,11:29,1900-01-01 11:29:00,clock,2024-02-11 11:00:00,2024-02-11 11:29:00,0.48333333333333334,0.48,11.0,clear,makoko,tripped again during restoration,tx 2b lv cb 2h0b,gab east,Distribution,South,medium,sustained,2024-02-11,11:00,False,,2024,2
2024-02-11,11:00,046/24,GAB EAST,11kV Bus Section CB 2S0B,11.0,Distribution,South,Clear,11:29,0.48,SCADA/Makoko,"Phase A–C trip, bus zone trip",February,Medium,Sustained,distribution,Monthly Fault Data Analysis Jan2023_June2025 Distribution only (1).xlsx,2024-02-11,2024-02-11,11:00,1900-01-01 11:00:00,clock,11:29,1900-01-01 11:29:00,clock,2024-02-11 11:00:00,2024-02-11 11:29:00,0.48333333333333334,0.48,11.0,clear,makoko,"phase a–c trip, bus zone trip",11kv bus section cb 2s0b,gab east,Distribution,South,medium,sustained,2024-02-11,11:00,False,,2024,2
2024-02-17,21:02,049/24,Gaphatshwa,Gaphatshwa T4 11kV CB 4HO,11.0,Distribution,South,Clear,22:21,1.32,E. NTOKO/SCADA,Overvoltage trip; Feeder 10L5 conductor down,February,High,Permanent,distribution,Monthly Fault Data Analysis Jan2023_June2025 Distribution only (1).xlsx,2024-02-17,2024-02-17,21:02,1900-01-01 21:02:00,clock,22:21,1900-01-01 22:21:00,clock,2024-02-17 21:02:00,2024-02-17 22:21:00,1.3166666666666667,1.32,11.0,clear,e. ntoko/scada,overvoltage trip; feeder 10l5 conductor down,gaphatshwa t4 11kv cb 4ho,gaphatshwa,Distribution,South,high,permanent,2024-02-17,21:02,False,,2024,2
2024-02-26,07:07,037/24,Mmakgodumo,Mmakgodumo T1 LV CB H10,33.0,Distribution,South,Clear,09:52,2.75,SCADA/Baoki,OC & E/F Phase B&C; Load loss (4 MW),February,High,Permanent,distribution,Monthly Fault Data Analysis Jan2023_June2025 Distribution only (1).xlsx,2024-02-26,2024-02-26,07:07,1900-01-01 07:07:00,clock,09:52,1900-01-01 09:52:00,clock,2024-02-26 07:07:00,2024-02-26 09:52:00,2.75,2.75,33.0,clear,baoki,oc & e/f phase b&c; load loss (4 mw),mmakgodumo t1 lv cb h10,mmakgodumo,Distribution,South,high,permanent,2024-02-26,07:07,False,,2024,2
2024-02-26,07:07,037/24,Mmakgodumo,Mmakgodumo T2 LV CB H20,33.0,Distribution,South,Clear,11:37,4.5,SCADA/Baoki,OC & E/F Phase B&C; Load loss (4 MW),February,High,Permanent,distribution,Monthly Fault Data Analysis Jan2023_June2025 Distribution only (1).xlsx,2024-02-26,2024-02-26,07:07,1900-01-01 07:07:00,clock,11:37,1900-01-01 11:37:00,clock,2024-02-26 07:07:00,2024-02-26 11:37:00,4.5,4.5,33.0,clear,baoki,oc & e/f phase b&c; load loss (4 mw),mmakgodumo t2 lv cb h20,mmakgodumo,Distribution,South,high,permanent,2024-02-26,07:07,False,,2024,2
2024-03-16,21:08,058.3/24,Tlokweng,Tlokweng T1 HV & LV CBs 110 & 1H0,11.0,Distribution,South,Clear,00:37,3.48,SCADA/Mangole,Under voltage trip,March,High,Permanent,distribution,Monthly Fault Data Analysis Jan2023_June2025 Distribution only (1).xlsx,2024-03-16,2024-03-16,21:08,1900-01-01 21:08:00,clock,00:37,1900-01-01 00:37:00,clock,2024-03-16 21:08:00,2024-03-17 00:37:00,3.4833333333333334,3.48,11.0,clear,mangole,under voltage trip,tlokweng t1 hv & lv cbs 110 & 1h0,tlokweng,Distribution,South,high,permanent,2024-03-16,21:08,False,,2024,3
2024-03-16,21:08,058.3/24,Tlokweng,Tlokweng T2 HV & LV CBs 210 & 2H0,11.0,Distribution,South,Clear,00:37,3.48,SCADA/Mangole,Under voltage trip,March,High,Permanent,distribution,Monthly Fault Data Analysis Jan2023_June2025 Distribution only (1).xlsx,2024-03-16,2024-03-16,21:08,1900-01-01 21:08:00,clock,00:37,1900-01-01 00:37:00,clock,2024-03-16 21:08:00,2024-03-17 00:37:00,3.4833333333333334,3.48,11.0,clear,mangole,under voltage trip,tlokweng t2 hv & lv cbs 210 & 2h0,tlokweng,Distribution,South,high,permanent,2024-03-16,21:08,False,,2024,3
2024-03-16,21:08,058.3/24,Gaphatshwa,Gaphatshwa T3 & T4 HV CBs 410 & 210; LV CBs 3H0 & 4H0,11.0,Distribution,South,Clear,01:35,4.45,SCADA/Makoko,Low set E/F trip,March,High,Permanent,distribution,Monthly Fault Data Analysis Jan2023_June2025 Distribution only (1).xlsx,2024-03-16,2024-03-16,21:08,1900-01-01 21:08:00,clock,01:35,1900-01-01 01:35:00,clock,2024-03-16 21:08:00,2024-03-17 01:35:00,4.45,4.45,11.0,clear,makoko,low set e/f trip,gaphatshwa t3 & t4 hv cbs 410 & 210; lv cbs 3h0 & 4h0,gaphatshwa,Distribution,South,high,permanent,2024-03-16,21:08,False,,2024,3
2024-03-30,17:05,062/24,Kanye,Kanye T1 LV CB 1HO,11.0,Distribution,South,Clear,21:22,4.28,SCADA/Mosarwe/Baoki,OC & E/F trip; Load loss (5.8 MW),March,High,Permanent,distribution,Monthly Fault Data Analysis Jan2023_June2025 Distribution only (1).xlsx,2024-03-30,2024-03-30,17:05,1900-01-01 17:05:00,clock,21:22,1900-01-01 21:22:00,clock,2024-03-30 17:05:00,2024-03-30 21:22:00,4.283333333333333,4.28,11.0,clear,mosarwe/baoki,oc & e/f trip; load loss (5.8 mw),kanye t1 lv cb 1ho,kanye,Distribution,South,high,permanent,2024-03-30,17:05,False,,2024,3
2024-03-30,17:05,062/24,Kanye,Kanye T1 HV CB 180,11.0,Distribution,South,Clear,NIL,0.0,SCADA/Mosarwe/Baoki,DID NOT TRIP,March,Low,Transient,distribution,Monthly Fault Data Analysis Jan2023_June2025 Distribution only (1).xlsx,2024-03-30,2024-03-30,17:05,1900-01-01 17:05:00,clock,,,missing,2024-03-30 17:05:00,,,0.0,11.0,clear,mosarwe/baoki,did not trip,kanye t1 hv cb 180,kanye,Distribution,South,low,transient,2024-03-30,17:05,False,,2024,3
2024-03-30,17:05,062/24,Kanye,Kanye T2 LV CB 2HO,11.0,Distribution,South,Clear,17:50,0.75,SCADA/Mosarwe/Baoki,OC & E/F trip,March,High,Permanent,distribution,Monthly Fault Data Analysis Jan2023_June2025 Distribution only (1).xlsx,2024-03-30,2024-03-30,17:05,1900-01-01 17:05:00,clock,17:50,1900-01-01 17:50:00,clock,2024-03-30 17:05:00,2024-03-30 17:50:00,0.75,0.75,11.0,clear,mosarwe/baoki,oc & e/f trip,kanye t2 lv cb 2ho,kanye,Distribution,South,high,permanent,2024-03-30,17:05,False,,2024,3
2024-03-30,17:05,062/24,Kanye,Kanye T2 HV CB 280,11.0,Distribution,South,Clear,NIL,0.0,SCADA/Mosarwe/Baoki,DID NOT TRIP,March,Low,Transient,distribution,Monthly Fault Data Analysis Jan2023_June2025 Distribution only (1).xlsx,2024-03-30,2024-03-30,17:05,1900-01-01 17:05:00,clock,,,missing,2024-03-30 17:05:00,,,0.0,11.0,clear,mosarwe/baoki,did not trip,kanye t2 hv cb 280,kanye,Distribution,South,low,transient,2024-03-30,17:05,False,,2024,3
2024-05-04,04:23,071/24,Mogoditshane,Mogoditshane T3 HV CB 410,11.0,Distribution,South,Clear,02:42:00,1.68,SCADA/Galetshetse,Tripped; Load loss (6 MW),May,High,Permanent,distribution,Monthly Fault Data Analysis Jan2023_June2025 Distribution only (1).xlsx,2024-05-04,2024-05-04,04:23,1900-01-01 04:23:00,clock,02:42:00,2026-03-19 02:42:00,clock,2024-05-04 04:23:00,2024-05-05 02:42:00,22.316666666666666,1.68,11.0,clear,galetshetse,tripped; load loss (6 mw),mogoditshane t3 hv cb 410,mogoditshane,Distribution,South,high,permanent,2024-05-04,04:23,False,,2024,5
2024-05-04,04:23,071/24,Mogoditshane,Mogoditshane T3 LV CB 3H0,11.0,Distribution,South,Clear,02:42:00,1.68,SCADA/Galetshetse,Tripped,May,High,Permanent,distribution,Monthly Fault Data Analysis Jan2023_June2025 Distribution only (1).xlsx,2024-05-04,2024-05-04,04:23,1900-01-01 04:23:00,clock,02:42:00,2026-03-19 02:42:00,clock,2024-05-04 04:23:00,2024-05-05 02:42:00,22.316666666666666,1.68,11.0,clear,galetshetse,tripped,mogoditshane t3 lv cb 3h0,mogoditshane,Distribution,South,high,permanent,2024-05-04,04:23,False,,2024,5
2024-05-04,04:23,071/24,Mogoditshane,Mogoditshane T4 HV CB 510,11.0,Distribution,South,Clear,02:42:00,1.68,SCADA/Galetshetse,Tripped,May,High,Permanent,distribution,Monthly Fault Data Analysis Jan2023_June2025 Distribution only (1).xlsx,2024-05-04,2024-05-04,04:23,1900-01-01 04:23:00,clock,02:42:00,2026-03-19 02:42:00,clock,2024-05-04 04:23:00,2024-05-05 02:42:00,22.316666666666666,1.68,11.0,clear,galetshetse,tripped,mogoditshane t4 hv cb 510,mogoditshane,Distribution,South,high,permanent,2024-05-04,04:23,False,,2024,5
2024-05-04,04:23,071/24,Mogoditshane,Mogoditshane T4 LV CB 4H0,11.0,Distribution,South,Clear,02:42:00,1.68,SCADA/Galetshetse,Tripped,May,High,Permanent,distribution,Monthly Fault Data Analysis Jan2023_June2025 Distribution only (1).xlsx,2024-05-04,2024-05-04,04:23,1900-01-01 04:23:00,clock,02:42:00,2026-03-19 02:42:00,clock,2024-05-04 04:23:00,2024-05-05 02:42:00,22.316666666666666,1.68,11.0,clear,galetshetse,tripped,mogoditshane t4 lv cb 4h0,mogoditshane,Distribution,South,high,permanent,2024-05-04,04:23,False,,2024,5
2024-05-24,20:36,077/24,Francistown West,F/Town West T1A LV CB 1HOA,11.0,Distribution,North,Clear,22:31,1.92,SCADA/Makoko,Tripped; Load loss (8.7 MW),May,High,Permanent,distribution,Monthly Fault Data Analysis Jan2023_June2025 Distribution only (1).xlsx,2024-05-24,2024-05-24,20:36,1900-01-01 20:36:00,clock,22:31,1900-01-01 22:31:00,clock,2024-05-24 20:36:00,2024-05-24 22:31:00,1.9166666666666667,1.92,11.0,clear,makoko,tripped; load loss (8.7 mw),f/town west t1a lv cb 1hoa,francistown west,Distribution,North,high,permanent,2024-05-24,20:36,False,,2024,5
2024-05-24,20:36,077/24,Francistown West,F/Town West T2A LV CB 2HOA,11.0,Distribution,North,Clear,22:33,1.95,SCADA/Makoko,Tripped,May,High,Permanent,distribution,Monthly Fault Data Analysis Jan2023_June2025 Distribution only (1).xlsx,2024-05-24,2024-05-24,20:36,1900-01-01 20:36:00,clock,22:33,1900-01-01 22:33:00,clock,2024-05-24 20:36:00,2024-05-24 22:33:00,1.95,1.95,11.0,clear,makoko,tripped,f/town west t2a lv cb 2hoa,francistown west,Distribution,North,high,permanent,2024-05-24,20:36,False,,2024,5
2024-05-31,07:51,079/24,Gab East,Gab East T1A HV CB 110A,11.0,Distribution,South,Clear,08:37,0.77,SCADA/R. Galetshetse,LV REF trip; Load loss (10 MW),May,High,Permanent,distribution,Monthly Fault Data Analysis Jan2023_June2025 Distribution only (1).xlsx,2024-05-31,2024-05-31,07:51,1900-01-01 07:51:00,clock,08:37,1900-01-01 08:37:00,clock,2024-05-31 07:51:00,2024-05-31 08:37:00,0.7666666666666667,0.77,11.0,clear,r. galetshetse,lv ref trip; load loss (10 mw),gab east t1a hv cb 110a,gab east,Distribution,South,high,permanent,2024-05-31,07:51,False,,2024,5
2024-05-31,15:35,079/24,Orapa,Orapa 2 T1 HV CB H10,33.0,Distribution,North,Clear,18:46,3.18,SCADA/Maduo,Master trip; Load loss (15 MW),May,High,Permanent,distribution,Monthly Fault Data Analysis Jan2023_June2025 Distribution only (1).xlsx,2024-05-31,2024-05-31,15:35,1900-01-01 15:35:00,clock,18:46,1900-01-01 18:46:00,clock,2024-05-31 15:35:00,2024-05-31 18:46:00,3.183333333333333,3.18,33.0,clear,maduo,master trip; load loss (15 mw),orapa 2 t1 hv cb h10,orapa,Distribution,North,high,permanent,2024-05-31,15:35,False,,2024,5
2024-05-31,15:35,079/24,Orapa,Orapa 2 T1 LV CB H08,33.0,Distribution,North,Clear,18:50,3.25,SCADA/Louis,E/F trip,May,High,Permanent,distribution,Monthly Fault Data Analysis Jan2023_June2025 Distribution only (1).xlsx,2024-05-31,2024-05-31,15:35,1900-01-01 15:35:00,clock,18:50,1900-01-01 18:50:00,clock,2024-05-31 15:35:00,2024-05-31 18:50:00,3.25,3.25,33.0,clear,louis,e/f trip,orapa 2 t1 lv cb h08,orapa,Distribution,North,high,permanent,2024-05-31,15:35,False,,2024,5
2024-06-01,16:50,080/24,Woodhall,Woodhall T3 LV CB H30,33.0,Distribution,North,Clear,ARC,0.0,SCADA/Ramacha,LV CB Close block,June,Low,Transient,distribution,Monthly Fault Data Analysis Jan2023_June2025 Distribution only (1).xlsx,2024-06-01,2024-06-01,16:50,1900-01-01 16:50:00,clock,ARC,,arc,2024-06-01 16:50:00,,,0.0,33.0,clear,ramacha,lv cb close block,woodhall t3 lv cb h30,woodhall,Distribution,North,low,transient,2024-06-01,16:50,False,,2024,6
2024-06-04,05:07,082/24,Lobatse,Lobatse T2A HV CB 210,11.0,Distribution,South,Clear,03:41,1.43,SCADA/Ramacha,Tripped; Load loss,June,High,Permanent,distribution,Monthly Fault Data Analysis Jan2023_June2025 Distribution only (1).xlsx,2024-06-04,2024-06-04,05:07,1900-01-01 05:07:00,clock,03:41,1900-01-01 03:41:00,clock,2024-06-04 05:07:00,2024-06-05 03:41:00,22.566666666666666,1.43,11.0,clear,ramacha,tripped; load loss,lobatse t2a hv cb 210,lobatse,Distribution,South,high,permanent,2024-06-04,05:07,False,,2024,6
2024-06-04,05:07,082/24,Lobatse,Lobatse T2A LV CB 2H0,11.0,Distribution,South,Clear,03:41,1.43,SCADA/Ramacha,Tripped,June,High,Permanent,distribution,Monthly Fault Data Analysis Jan2023_June2025 Distribution only (1).xlsx,2024-06-04,2024-06-04,05:07,1900-01-01 05:07:00,clock,03:41,1900-01-01 03:41:00,clock,2024-06-04 05:07:00,2024-06-05 03:41:00,22.566666666666666,1.43,11.0,clear,ramacha,tripped,lobatse t2a lv cb 2h0,lobatse,Distribution,South,high,permanent,2024-06-04,05:07,False,,2024,6
2024-06-07,07:51,082/24,Gab East,Gab East T1A HV CB 110A,11.0,Distribution,South,Clear,08:37,0.77,SCADA/R. Galetshetse,LV REF trip; Load loss (10 MW),June,High,Permanent,distribution,Monthly Fault Data Analysis Jan2023_June2025 Distribution only (1).xlsx,2024-06-07,2024-06-07,07:51,1900-01-01 07:51:00,clock,08:37,1900-01-01 08:37:00,clock,2024-06-07 07:51:00,2024-06-07 08:37:00,0.7666666666666667,0.77,11.0,clear,r. galetshetse,lv ref trip; load loss (10 mw),gab east t1a hv cb 110a,gab east,Distribution,South,high,permanent,2024-06-07,07:51,False,,2024,6
2024-06-07,07:51,082/24,Gab East,Gab East T1A LV CB 1H0A,11.0,Distribution,South,Clear,08:37,0.77,SCADA/R. Galetshetse,LV REF trip,June,High,Permanent,distribution,Monthly Fault Data Analysis Jan2023_June2025 Distribution only (1).xlsx,2024-06-07,2024-06-07,07:51,1900-01-01 07:51:00,clock,08:37,1900-01-01 08:37:00,clock,2024-06-07 07:51:00,2024-06-07 08:37:00,0.7666666666666667,0.77,11.0,clear,r. galetshetse,lv ref trip,gab east t1a lv cb 1h0a,gab east,Distribution,South,high,permanent,2024-06-07,07:51,False,,2024,6
2024-06-17,09:41,083/24,Maun,Maun T1 LV CB 1T0,11.0,Distribution,North,Clear,11:08,1.45,SCADA/Sekgatlhola,Tripped,June,High,Permanent,distribution,Monthly Fault Data Analysis Jan2023_June2025 Distribution only (1).xlsx,2024-06-17,2024-06-17,09:41,1900-01-01 09:41:00,clock,11:08,1900-01-01 11:08:00,clock,2024-06-17 09:41:00,2024-06-17 11:08:00,1.45,1.45,11.0,clear,sekgatlhola,tripped,maun t1 lv cb 1t0,maun,Distribution,North,high,permanent,2024-06-17,09:41,False,,2024,6
2024-06-17,09:45,083/24,Maun,Maun T2 HV CB 210,11.0,Distribution,North,Clear,10:59,1.23,SCADA/Sekgatlhola,Master trip; Main protection operated,June,High,Permanent,distribution,Monthly Fault Data Analysis Jan2023_June2025 Distribution only (1).xlsx,2024-06-17,2024-06-17,09:45,1900-01-01 09:45:00,clock,10:59,1900-01-01 10:59:00,clock,2024-06-17 09:45:00,2024-06-17 10:59:00,1.2333333333333334,1.23,11.0,clear,sekgatlhola,master trip; main protection operated,maun t2 hv cb 210,maun,Distribution,North,high,permanent,2024-06-17,09:45,False,,2024,6
2024-06-17,09:45,083/24,Maun,Maun T2 LV CB 2T0,11.0,Distribution,North,Clear,11:05,1.33,SCADA/Sekgatlhola,Tripped,June,High,Permanent,distribution,Monthly Fault Data Analysis Jan2023_June2025 Distribution only (1).xlsx,2024-06-17,2024-06-17,09:45,1900-01-01 09:45:00,clock,11:05,1900-01-01 11:05:00,clock,2024-06-17 09:45:00,2024-06-17 11:05:00,1.3333333333333333,1.33,11.0,clear,sekgatlhola,tripped,maun t2 lv cb 2t0,maun,Distribution,North,high,permanent,2024-06-17,09:45,False,,2024,6
2024-06-28,15:03,084/24,Ghanzi,Ghanzi T1 HV CB 110,11.0,Distribution,North,Clear,15:25,1.45,SCADA/Rasefako,Main Trip Circuit Fail; Load loss (17.9 MW),June,High,Permanent,distribution,Monthly Fault Data Analysis Jan2023_June2025 Distribution only (1).xlsx,2024-06-28,2024-06-28,15:03,1900-01-01 15:03:00,clock,15:25,1900-01-01 15:25:00,clock,2024-06-28 15:03:00,2024-06-28 15:25:00,0.36666666666666664,1.45,11.0,clear,rasefako,main trip circuit fail; load loss (17.9 mw),ghanzi t1 hv cb 110,ghanzi,Distribution,North,high,permanent,2024-06-28,15:03,False,,2024,6
2024-06-28,15:03,084/24,Ghanzi,Ghanzi T1 LV CB 1H0,11.0,Distribution,North,Clear,15:25,1.45,SCADA/Rasefako,HV trip received,June,High,Permanent,distribution,Monthly Fault Data Analysis Jan2023_June2025 Distribution only (1).xlsx,2024-06-28,2024-06-28,15:03,1900-01-01 15:03:00,clock,15:25,1900-01-01 15:25:00,clock,2024-06-28 15:03:00,2024-06-28 15:25:00,0.36666666666666664,1.45,11.0,clear,rasefako,hv trip received,ghanzi t1 lv cb 1h0,ghanzi,Distribution,North,high,permanent,2024-06-28,15:03,False,,2024,6
2024-06-28,15:03,084/24,Ghanzi,Ghanzi Bus Section CB 1S0,11.0,Distribution,North,Clear,15:25,1.45,SCADA/Rasefako,Buszone protection ABC,June,High,Permanent,distribution,Monthly Fault Data Analysis Jan2023_June2025 Distribution only (1).xlsx,2024-06-28,2024-06-28,15:03,1900-01-01 15:03:00,clock,15:25,1900-01-01 15:25:00,clock,2024-06-28 15:03:00,2024-06-28 15:25:00,0.36666666666666664,1.45,11.0,clear,rasefako,buszone protection abc,ghanzi bus section cb 1s0,ghanzi,Distribution,North,high,permanent,2024-06-28,15:03,False,,2024,6
2024-07-04,17:59,085/24,FWST,FWST T2A LV CB 2H0A,11.0,Distribution,North,Clear,18:33,0.58,SCADA/Chawilani,Overload due to T1A outage; 75% load restored,July,High,Permanent,distribution,Monthly Fault Data Analysis Jan2023_June2025 Distribution only (1).xlsx,2024-07-04,2024-07-04,17:59,1900-01-01 17:59:00,clock,18:33,1900-01-01 18:33:00,clock,2024-07-04 17:59:00,2024-07-04 18:33:00,0.5666666666666667,0.58,11.0,clear,chawilani,overload due to t1a outage; 75% load restored,fwst t2a lv cb 2h0a,fwst,Distribution,North,high,permanent,2024-07-04,17:59,False,,2024,7
2024-07-05,06:26,086/24,Tlokweng,Tlokweng T1 HV CB 110,11.0,Distribution,South,Cloudy,09:35,3.15,SCADA/Galetshetse,Master trip; winding & REF trip,July,High,Permanent,distribution,Monthly Fault Data Analysis Jan2023_June2025 Distribution only (1).xlsx,2024-07-05,2024-07-05,06:26,1900-01-01 06:26:00,clock,09:35,1900-01-01 09:35:00,clock,2024-07-05 06:26:00,2024-07-05 09:35:00,3.15,3.15,11.0,cloudy,galetshetse,master trip; winding & ref trip,tlokweng t1 hv cb 110,tlokweng,Distribution,South,high,permanent,2024-07-05,06:26,False,,2024,7
2024-07-05,06:26,086/24,Tlokweng,Tlokweng T1 LV CB 1HO,11.0,Distribution,South,Cloudy,03:17,3.15,SCADA/Galetshetse,Tripped,July,High,Permanent,distribution,Monthly Fault Data Analysis Jan2023_June2025 Distribution only (1).xlsx,2024-07-05,2024-07-05,06:26,1900-01-01 06:26:00,clock,03:17,1900-01-01 03:17:00,clock,2024-07-05 06:26:00,2024-07-06 03:17:00,20.85,3.15,11.0,cloudy,galetshetse,tripped,tlokweng t1 lv cb 1ho,tlokweng,Distribution,South,high,permanent,2024-07-05,06:26,False,,2024,7
2024-07-08,06:23,089/24,Francistown,F/Town 11kV Bus Section CB 1SO,11.0,Distribution,North,Clear,07:49,1.43,SCADA,Tripped; Load loss (7.55 MW),July,High,Permanent,distribution,Monthly Fault Data Analysis Jan2023_June2025 Distribution only (1).xlsx,2024-07-08,2024-07-08,06:23,1900-01-01 06:23:00,clock,07:49,1900-01-01 07:49:00,clock,2024-07-08 06:23:00,2024-07-08 07:49:00,1.4333333333333333,1.43,11.0,clear,scada,tripped; load loss (7.55 mw),f/town 11kv bus section cb 1so,francistown,Distribution,North,high,permanent,2024-07-08,06:23,False,,2024,7
2024-07-19,07:51,093/24,Gab East,Gab East T1A HV CB 110A,11.0,Distribution,South,Clear,08:37,0.77,SCADA/R. Galetshetse,LV REF trip; Load loss (10 MW),July,High,Permanent,distribution,Monthly Fault Data Analysis Jan2023_June2025 Distribution only (1).xlsx,2024-07-19,2024-07-19,07:51,1900-01-01 07:51:00,clock,08:37,1900-01-01 08:37:00,clock,2024-07-19 07:51:00,2024-07-19 08:37:00,0.7666666666666667,0.77,11.0,clear,r. galetshetse,lv ref trip; load loss (10 mw),gab east t1a hv cb 110a,gab east,Distribution,South,high,permanent,2024-07-19,07:51,False,,2024,7
2024-07-19,07:51,093/24,Gab East,Gab East T1A LV CB 1H0A,11.0,Distribution,South,Clear,08:37,0.77,SCADA/R. Galetshetse,LV REF trip,July,High,Permanent,distribution,Monthly Fault Data Analysis Jan2023_June2025 Distribution only (1).xlsx,2024-07-19,2024-07-19,07:51,1900-01-01 07:51:00,clock,08:37,1900-01-01 08:37:00,clock,2024-07-19 07:51:00,2024-07-19 08:37:00,0.7666666666666667,0.77,11.0,clear,r. galetshetse,lv ref trip,gab east t1a lv cb 1h0a,gab east,Distribution,South,high,permanent,2024-07-19,07:51,False,,2024,7
2024-07-27,10:02,096/24,Tlokweng,Tlokweng T1 HV CB 110,11.0,Distribution,South,Clear,08:54,1.13,SCADA/Rapelang,REF & Winding trip; Surge arrester blown,July,High,Permanent,distribution,Monthly Fault Data Analysis Jan2023_June2025 Distribution only (1).xlsx,2024-07-27,2024-07-27,10:02,1900-01-01 10:02:00,clock,08:54,1900-01-01 08:54:00,clock,2024-07-27 10:02:00,2024-07-28 08:54:00,22.866666666666667,1.13,11.0,clear,rapelang,ref & winding trip; surge arrester blown,tlokweng t1 hv cb 110,tlokweng,Distribution,South,high,permanent,2024-07-27,10:02,False,,2024,7
2024-07-27,10:02,096/24,Tlokweng,Tlokweng T1 LV CB 1HO,11.0,Distribution,South,Clear,08:54,1.13,SCADA/Rapelang,Tripped,July,High,Permanent,distribution,Monthly Fault Data Analysis Jan2023_June2025 Distribution only (1).xlsx,2024-07-27,2024-07-27,10:02,1900-01-01 10:02:00,clock,08:54,1900-01-01 08:54:00,clock,2024-07-27 10:02:00,2024-07-28 08:54:00,22.866666666666667,1.13,11.0,clear,rapelang,tripped,tlokweng t1 lv cb 1ho,tlokweng,Distribution,South,high,permanent,2024-07-27,10:02,False,,2024,7
2024-07-27,10:02,096/24,Tlokweng,Tlokweng T2 LV CB 2H0,11.0,Distribution,South,Clear,11:10:00,1.13,SCADA/Rapelang,E/F trip; Load loss (8.5 MW),July,High,Permanent,distribution,Monthly Fault Data Analysis Jan2023_June2025 Distribution only (1).xlsx,2024-07-27,2024-07-27,10:02,1900-01-01 10:02:00,clock,11:10:00,2026-03-19 11:10:00,clock,2024-07-27 10:02:00,2024-07-27 11:10:00,1.1333333333333333,1.13,11.0,clear,rapelang,e/f trip; load loss (8.5 mw),tlokweng t2 lv cb 2h0,tlokweng,Distribution,South,high,permanent,2024-07-27,10:02,False,,2024,7
2024-08-29,02:18,098/24,Tlokweng,Tlokweng T1 HV CB 110,11.0,Distribution,South,Clear,04:13,1.92,SCADA/Galetshetse,LV Restricted Earth Fault; Through fault from CSS,August,High,Permanent,distribution,Monthly Fault Data Analysis Jan2023_June2025 Distribution only (1).xlsx,2024-08-29,2024-08-29,02:18,1900-01-01 02:18:00,clock,04:13,1900-01-01 04:13:00,clock,2024-08-29 02:18:00,2024-08-29 04:13:00,1.9166666666666667,1.92,11.0,clear,galetshetse,lv restricted earth fault; through fault from css,tlokweng t1 hv cb 110,tlokweng,Distribution,South,high,permanent,2024-08-29,02:18,False,,2024,8
2024-08-29,02:18,098/24,Tlokweng,Tlokweng T1 LV CB 1HO,11.0,Distribution,South,Clear,04:13,1.92,SCADA/Galetshetse,Tripped,August,High,Permanent,distribution,Monthly Fault Data Analysis Jan2023_June2025 Distribution only (1).xlsx,2024-08-29,2024-08-29,02:18,1900-01-01 02:18:00,clock,04:13,1900-01-01 04:13:00,clock,2024-08-29 02:18:00,2024-08-29 04:13:00,1.9166666666666667,1.92,11.0,clear,galetshetse,tripped,tlokweng t1 lv cb 1ho,tlokweng,Distribution,South,high,permanent,2024-08-29,02:18,False,,2024,8
2024-09-04,05:58,102/24,Tlokweng,Tlokweng T1 LV CB 1HO,11.0,Distribution,South,Clear,17:45,11.78,SCADA/Galetshetse,Tripped,September,High,Permanent,distribution,Monthly Fault Data Analysis Jan2023_June2025 Distribution only (1).xlsx,2024-09-04,2024-09-04,05:58,1900-01-01 05:58:00,clock,17:45,1900-01-01 17:45:00,clock,2024-09-04 05:58:00,2024-09-04 17:45:00,11.783333333333333,11.78,11.0,clear,galetshetse,tripped,tlokweng t1 lv cb 1ho,tlokweng,Distribution,South,high,permanent,2024-09-04,05:58,False,,2024,9
2024-09-12,07:51,103/24,Jwaneng,Jwaneng T8 LV CB,6.6,Distribution,South,Clear,08:54,1.05,SCADA/Mosarwe,Tripped,September,High,Permanent,distribution,Monthly Fault Data Analysis Jan2023_June2025 Distribution only (1).xlsx,2024-09-12,2024-09-12,07:51,1900-01-01 07:51:00,clock,08:54,1900-01-01 08:54:00,clock,2024-09-12 07:51:00,2024-09-12 08:54:00,1.05,1.05,6.6,clear,mosarwe,tripped,jwaneng t8 lv cb,jwaneng,Distribution,South,high,permanent,2024-09-12,07:51,False,,2024,9
2024-09-15,08:01,105/24,Zone 5 – Bosetu,T1 LV CB 1T0,11.0,Distribution,North West,Clear,12:57,4.93,SCADA/Mosala,Tripped,September,High,Permanent,distribution,Monthly Fault Data Analysis Jan2023_June2025 Distribution only (1).xlsx,2024-09-15,2024-09-15,08:01,1900-01-01 08:01:00,clock,12:57,1900-01-01 12:57:00,clock,2024-09-15 08:01:00,2024-09-15 12:57:00,4.933333333333334,4.93,11.0,clear,mosala,tripped,t1 lv cb 1t0,zone 5 – bosetu,Distribution,North West,high,permanent,2024-09-15,08:01,False,,2024,9
2024-09-15,08:01,105/24,Zone 5 – Bosetu,T2 LV CB 2T0,11.0,Distribution,North West,Clear,12:57,4.93,SCADA/Mosala,Tripped,September,High,Permanent,distribution,Monthly Fault Data Analysis Jan2023_June2025 Distribution only (1).xlsx,2024-09-15,2024-09-15,08:01,1900-01-01 08:01:00,clock,12:57,1900-01-01 12:57:00,clock,2024-09-15 08:01:00,2024-09-15 12:57:00,4.933333333333334,4.93,11.0,clear,mosala,tripped,t2 lv cb 2t0,zone 5 – bosetu,Distribution,North West,high,permanent,2024-09-15,08:01,False,,2024,9
2024-09-20,00:56,107/24,Orapa,Orapa 220/33kV T1 LV CB 1H0,33.0,Distribution,Central,Clear,11:19:00,50.38,SCADA/Likokoto,Duplicate of 104/24,September,High,Permanent,distribution,Monthly Fault Data Analysis Jan2023_June2025 Distribution only (1).xlsx,2024-09-20,2024-09-20,00:56,1900-01-01 00:56:00,clock,11:19:00,2026-03-19 11:19:00,clock,2024-09-20 00:56:00,2024-09-20 11:19:00,10.383333333333333,50.38,33.0,clear,likokoto,duplicate of 104/24,orapa 220/33kv t1 lv cb 1h0,orapa,Distribution,Central,high,permanent,2024-09-20,00:56,False,,2024,9
2024-09-28,17:41,109/24,WoodHall,WoodHall T1A & T2A LV CBs,11.0,Distribution,South,Cloudy,20:28,2.78,SCADA/Kaloso,HV O/C trip; Load loss (2.1 MW),September,High,Permanent,distribution,Monthly Fault Data Analysis Jan2023_June2025 Distribution only (1).xlsx,2024-09-28,2024-09-28,17:41,1900-01-01 17:41:00,clock,20:28,1900-01-01 20:28:00,clock,2024-09-28 17:41:00,2024-09-28 20:28:00,2.783333333333333,2.78,11.0,cloudy,kaloso,hv o/c trip; load loss (2.1 mw),woodhall t1a & t2a lv cbs,woodhall,Distribution,South,high,permanent,2024-09-28,17:41,False,,2024,9
2024-10-11,16:21,112/24,Jwaneng,Jwaneng T8 LV CB 8H0,33.0,Distribution,South,Clear,17:17,0.93,SCADA,Tripped,October,High,Permanent,distribution,Monthly Fault Data Analysis Jan2023_June2025 Distribution only (1).xlsx,2024-10-11,2024-10-11,16:21,1900-01-01 16:21:00,clock,17:17,1900-01-01 17:17:00,clock,2024-10-11 16:21:00,2024-10-11 17:17:00,0.9333333333333333,0.93,33.0,clear,scada,tripped,jwaneng t8 lv cb 8h0,jwaneng,Distribution,South,high,permanent,2024-10-11,16:21,False,,2024,10
2024-10-14,19:41,112/24,Francistown West,F/Town West T2A LV CB 1HOA,11.0,Distribution,North,Clear,21:15,1.57,SCADA/Chabalala,Master trip; Load loss (7.8 MW),October,High,Permanent,distribution,Monthly Fault Data Analysis Jan2023_June2025 Distribution only (1).xlsx,2024-10-14,2024-10-14,19:41,1900-01-01 19:41:00,clock,21:15,1900-01-01 21:15:00,clock,2024-10-14 19:41:00,2024-10-14 21:15:00,1.5666666666666667,1.57,11.0,clear,chabalala,master trip; load loss (7.8 mw),f/town west t2a lv cb 1hoa,francistown west,Distribution,North,high,permanent,2024-10-14,19:41,False,,2024,10
2024-10-16,04:18,113/24,G/Enclave,G/Enclave T1 LV CB 1H0,11.0,Distribution,South,Clear,05:39,1.35,SCADA/Galetshetse,Phase trip; Bus Section CB also tripped,October,High,Permanent,distribution,Monthly Fault Data Analysis Jan2023_June2025 Distribution only (1).xlsx,2024-10-16,2024-10-16,04:18,1900-01-01 04:18:00,clock,05:39,1900-01-01 05:39:00,clock,2024-10-16 04:18:00,2024-10-16 05:39:00,1.35,1.35,11.0,clear,galetshetse,phase trip; bus section cb also tripped,g/enclave t1 lv cb 1h0,g/enclave,Distribution,South,high,permanent,2024-10-16,04:18,False,,2024,10
2024-10-16,04:18,113/24,G/Enclave,G/Enclave T2 LV CB 2H0,11.0,Distribution,South,Clear,05:39,1.35,SCADA/Galetshetse,Tripped,October,High,Permanent,distribution,Monthly Fault Data Analysis Jan2023_June2025 Distribution only (1).xlsx,2024-10-16,2024-10-16,04:18,1900-01-01 04:18:00,clock,05:39,1900-01-01 05:39:00,clock,2024-10-16 04:18:00,2024-10-16 05:39:00,1.35,1.35,11.0,clear,galetshetse,tripped,g/enclave t2 lv cb 2h0,g/enclave,Distribution,South,high,permanent,2024-10-16,04:18,False,,2024,10
2024-10-16,04:18,113/24,G/Enclave,11kV Bus Section CB 1SO,11.0,Distribution,South,Clear,05:39,1.35,SCADA/Galetshetse,Tripped (not updating on SCADA),October,High,Permanent,distribution,Monthly Fault Data Analysis Jan2023_June2025 Distribution only (1).xlsx,2024-10-16,2024-10-16,04:18,1900-01-01 04:18:00,clock,05:39,1900-01-01 05:39:00,clock,2024-10-16 04:18:00,2024-10-16 05:39:00,1.35,1.35,11.0,clear,galetshetse,tripped (not updating on scada),11kv bus section cb 1so,g/enclave,Distribution,South,high,permanent,2024-10-16,04:18,False,,2024,10
2024-11-10,23:36,137/24,Gaphatshwa,Gaphatshwa T2 LV CB H20,11.0,Distribution,South,Clear,01:03:00,1.45,SCADA/Galetshetse,Tripped,November,High,Permanent,distribution,Monthly Fault Data Analysis Jan2023_June2025 Distribution only (1).xlsx,2024-11-10,2024-11-10,23:36,1900-01-01 23:36:00,clock,01:03:00,2026-03-19 01:03:00,clock,2024-11-10 23:36:00,2024-11-11 01:03:00,1.45,1.45,11.0,clear,galetshetse,tripped,gaphatshwa t2 lv cb h20,gaphatshwa,Distribution,South,high,permanent,2024-11-10,23:36,False,,2024,11
2024-11-24,20:16,154/24,Gaphatshwa,Gaphatshwa T3 LV CB 3H0,11.0,Distribution,South,Clear,21:34,1.32,SCADA/Madubeko,Tripped; Load loss (5 MW),November,High,Permanent,distribution,Monthly Fault Data Analysis Jan2023_June2025 Distribution only (1).xlsx,2024-11-24,2024-11-24,20:16,1900-01-01 20:16:00,clock,21:34,1900-01-01 21:34:00,clock,2024-11-24 20:16:00,2024-11-24 21:34:00,1.3,1.32,11.0,clear,madubeko,tripped; load loss (5 mw),gaphatshwa t3 lv cb 3h0,gaphatshwa,Distribution,South,high,permanent,2024-11-24,20:16,False,,2024,11
2024-11-24,20:16,154/24,Gaphatshwa,Gaphatshwa T4 LV CB 4H0,11.0,Distribution,South,Clear,21:35,1.32,SCADA/Madubeko,Tripped,November,High,Permanent,distribution,Monthly Fault Data Analysis Jan2023_June2025 Distribution only (1).xlsx,2024-11-24,2024-11-24,20:16,1900-01-01 20:16:00,clock,21:35,1900-01-01 21:35:00,clock,2024-11-24 20:16:00,2024-11-24 21:35:00,1.3166666666666667,1.32,11.0,clear,madubeko,tripped,gaphatshwa t4 lv cb 4h0,gaphatshwa,Distribution,South,high,permanent,2024-11-24,20:16,False,,2024,11
2024-12-01,15:38,161/24,S/Phikwe,S/Phikwe 220/11kV Transformer 1 LV CB A2TO,11.0,Distribution,South,Clear,20:12,4.57,SCADA / Likokotlo,—,December,High,Permanent,distribution,Monthly Fault Data Analysis Jan2023_June2025 Distribution only (1).xlsx,2024-12-01,2024-12-01,15:38,1900-01-01 15:38:00,clock,20:12,1900-01-01 20:12:00,clock,2024-12-01 15:38:00,2024-12-01 20:12:00,4.566666666666666,4.57,11.0,clear,likokotlo,—,s/phikwe 220/11kv transformer 1 lv cb a2to,s/phikwe,Distribution,South,high,permanent,2024-12-01,15:38,False,,2024,12
2024-12-01,15:38,161/24,S/Phikwe,S/Phikwe 220/11kV Transformer 3 LV CB A1TO,11.0,Distribution,South,Clear,20:12,4.57,SCADA / Likokotlo,—,December,High,Permanent,distribution,Monthly Fault Data Analysis Jan2023_June2025 Distribution only (1).xlsx,2024-12-01,2024-12-01,15:38,1900-01-01 15:38:00,clock,20:12,1900-01-01 20:12:00,clock,2024-12-01 15:38:00,2024-12-01 20:12:00,4.566666666666666,4.57,11.0,clear,likokotlo,—,s/phikwe 220/11kv transformer 3 lv cb a1to,s/phikwe,Distribution,South,high,permanent,2024-12-01,15:38,False,,2024,12
2024-12-06,02:18,163/24,S/Phikwe,S/Phikwe 220/11kV Transformer 3 LV CB A1TO,11.0,Distribution,Central,Clear,07:43,5.42,SCADA / Boiditswe,"11kV Inter trip send, Master trip",December,High,Permanent,distribution,Monthly Fault Data Analysis Jan2023_June2025 Distribution only (1).xlsx,2024-12-06,2024-12-06,02:18,1900-01-01 02:18:00,clock,07:43,1900-01-01 07:43:00,clock,2024-12-06 02:18:00,2024-12-06 07:43:00,5.416666666666667,5.42,11.0,clear,boiditswe,"11kv inter trip send, master trip",s/phikwe 220/11kv transformer 3 lv cb a1to,s/phikwe,Distribution,Central,high,permanent,2024-12-06,02:18,False,,2024,12
2024-12-10,22:33,166/24,Maun,Maun 132/11kV T2 HV & LV CBs 210 & 2TO,11.0,Distribution,North/West,Clear,23:57,1.37,SCADA / Rasefako,Earth fault & Master trip; Loss of supply to Maun and surrounding areas,December,High,Permanent,distribution,Monthly Fault Data Analysis Jan2023_June2025 Distribution only (1).xlsx,2024-12-10,2024-12-10,22:33,1900-01-01 22:33:00,clock,23:57,1900-01-01 23:57:00,clock,2024-12-10 22:33:00,2024-12-10 23:57:00,1.4,1.37,11.0,clear,rasefako,earth fault & master trip; loss of supply to maun and surrounding areas,maun 132/11kv t2 hv & lv cbs 210 & 2to,maun,Distribution,North/West,high,permanent,2024-12-10,22:33,False,,2024,12
2024-12-14,15:52,169/24,Woodhall,Woodhall T1A 11kV CB 1HO,11.0,Distribution,South,Rainy,16:40,0.8,SCADA / Galetshetse,HV O/C Low set trip & I/T Rec; Load loss to Lobatse (2.2 MW),December,High,Permanent,distribution,Monthly Fault Data Analysis Jan2023_June2025 Distribution only (1).xlsx,2024-12-14,2024-12-14,15:52,1900-01-01 15:52:00,clock,16:40,1900-01-01 16:40:00,clock,2024-12-14 15:52:00,2024-12-14 16:40:00,0.8,0.8,11.0,rainy/stormy,galetshetse,hv o/c low set trip & i/t rec; load loss to lobatse (2.2 mw),woodhall t1a 11kv cb 1ho,woodhall,Distribution,South,high,permanent,2024-12-14,15:52,False,,2024,12
2024-12-14,15:52,169/24,Woodhall,Woodhall T2A 11kV CB 2HO,11.0,Distribution,South,Rainy,17:02,1.17,SCADA / Galetshetse,TX protection trip & 11kV I/T Rec,December,High,Permanent,distribution,Monthly Fault Data Analysis Jan2023_June2025 Distribution only (1).xlsx,2024-12-14,2024-12-14,15:52,1900-01-01 15:52:00,clock,17:02,1900-01-01 17:02:00,clock,2024-12-14 15:52:00,2024-12-14 17:02:00,1.1666666666666667,1.17,11.0,rainy/stormy,galetshetse,tx protection trip & 11kv i/t rec,woodhall t2a 11kv cb 2ho,woodhall,Distribution,South,high,permanent,2024-12-14,15:52,False,,2024,12
2024-12-31,18:15,188/24,Woodhall,Woodhall T1A: 11kV CB 1H0,11.0,Distribution,South,Rainy,18:59,0.73,SCADA / Charles,"BUS ZONE, TRIP ZONE1, CB FAIL TRIP",December,High,Permanent,distribution,Monthly Fault Data Analysis Jan2023_June2025 Distribution only (1).xlsx,2024-12-31,2024-12-31,18:15,1900-01-01 18:15:00,clock,18:59,1900-01-01 18:59:00,clock,2024-12-31 18:15:00,2024-12-31 18:59:00,0.7333333333333333,0.73,11.0,rainy/stormy,charles,"bus zone, trip zone1, cb fail trip",woodhall t1a: 11kv cb 1h0,woodhall,Distribution,South,high,permanent,2024-12-31,18:15,False,,2024,12
2024-12-31,18:15,188/24,Woodhall,Woodhall T4: 33kV CB H40,33.0,Distribution,South,Rainy,19:11,0.92,SCADA,—,December,High,Permanent,distribution,Monthly Fault Data Analysis Jan2023_June2025 Distribution only (1).xlsx,2024-12-31,2024-12-31,18:15,1900-01-01 18:15:00,clock,19:11,1900-01-01 19:11:00,clock,2024-12-31 18:15:00,2024-12-31 19:11:00,0.9333333333333333,0.92,33.0,rainy/stormy,scada,—,woodhall t4: 33kv cb h40,woodhall,Distribution,South,high,permanent,2024-12-31,18:15,False,,2024,12
2025-01-26,05:37,020.1/25,Woodhall,Woodhall T1A LV CB 1H0,11.0,Distribution,South,Clear,07:46,2.15,SCADA / Galetshetse,HV O/C Low set & Standby E/F High set; CSS reported fallen 11kV conductors; Load loss 1.8 MW,January,High,Permanent,distribution,Monthly Fault Data Analysis Jan2023_June2025 Distribution only (1).xlsx,2025-01-26,2025-01-26,05:37,1900-01-01 05:37:00,clock,07:46,1900-01-01 07:46:00,clock,2025-01-26 05:37:00,2025-01-26 07:46:00,2.15,2.15,11.0,clear,galetshetse,hv o/c low set & standby e/f high set; css reported fallen 11kv conductors; load loss 1.8 mw,woodhall t1a lv cb 1h0,woodhall,Distribution,South,high,permanent,2025-01-26,05:37,False,,2025,1
2025-02-10,09:22,067/25,Tlokweng,Tlokweng 132/11kV T2 LV CB 2H0,11.0,Distribution,Tlokweng,Cloudy,18:33,9.18,SCADA / Galetshetse,—,February,High,Permanent,distribution,Monthly Fault Data Analysis Jan2023_June2025 Distribution only (1).xlsx,2025-02-10,2025-02-10,09:22,1900-01-01 09:22:00,clock,18:33,1900-01-01 18:33:00,clock,2025-02-10 09:22:00,2025-02-10 18:33:00,9.183333333333334,9.18,11.0,cloudy,galetshetse,—,tlokweng 132/11kv t2 lv cb 2h0,tlokweng,Distribution,Tlokweng,high,permanent,2025-02-10,09:22,False,,2025,2
2025-02-19,12:26,061/25,Gaphwatshwa,Gaphwatshwa 132/33kV T2 LV CB H20,33.0,Distribution,South,Rain,13:03,0.45,SCADA / Kaloso,LV O/C & E/F trip; Master trip,February,Medium,Sustained,distribution,Monthly Fault Data Analysis Jan2023_June2025 Distribution only (1).xlsx,2025-02-19,2025-02-19,12:26,1900-01-01 12:26:00,clock,13:03,1900-01-01 13:03:00,clock,2025-02-19 12:26:00,2025-02-19 13:03:00,0.6166666666666667,0.45,33.0,rainy/stormy,kaloso,lv o/c & e/f trip; master trip,gaphwatshwa 132/33kv t2 lv cb h20,gaphwatshwa,Distribution,South,medium,sustained,2025-02-19,12:26,False,,2025,2
2025-02-19,12:40,062/25,Broadhurst,Broadhurst 132/33kV LV CB 4T0,33.0,Distribution,South,Rain,13:03,0.45,SCADA / Kaloso,LV O/C & E/F trip; Master trip,February,Medium,Sustained,distribution,Monthly Fault Data Analysis Jan2023_June2025 Distribution only (1).xlsx,2025-02-19,2025-02-19,12:40,1900-01-01 12:40:00,clock,13:03,1900-01-01 13:03:00,clock,2025-02-19 12:40:00,2025-02-19 13:03:00,0.38333333333333336,0.45,33.0,rainy/stormy,kaloso,lv o/c & e/f trip; master trip,broadhurst 132/33kv lv cb 4t0,broadhurst,Distribution,South,medium,sustained,2025-02-19,12:40,False,,2025,2
2025-02-28,11:20,072/25,Mogoditshane,Mogoditshane 132/11kV T4 LV CB 4HO,11.0,Distribution,South,Clear,12:30,1.17,SCADA / A. Mangole,—,February,High,Permanent,distribution,Monthly Fault Data Analysis Jan2023_June2025 Distribution only (1).xlsx,2025-02-28,2025-02-28,11:20,1900-01-01 11:20:00,clock,12:30,1900-01-01 12:30:00,clock,2025-02-28 11:20:00,2025-02-28 12:30:00,1.1666666666666667,1.17,11.0,clear,a. mangole,—,mogoditshane 132/11kv t4 lv cb 4ho,mogoditshane,Distribution,South,high,permanent,2025-02-28,11:20,False,,2025,2
2025-03-02 00:00:00,07:58:00,075/25,Kanye,Kanye 132/11kV Tx 2 LV CB 2HO,11.0,Distribution,South,Rainy,02:11:00,18.22,SCADA / Baikgantshi,3Ph T + L/O,March,High,Permanent,distribution,Monthly Fault Data Analysis Jan2023_June2025 Distribution only (1).xlsx,2025-03-02 00:00:00,2025-02-03,07:58:00,2026-03-19 07:58:00,clock,02:11:00,2026-03-19 02:11:00,clock,2025-02-03 07:58:00,2025-02-04 02:11:00,18.216666666666665,18.22,11.0,rainy/stormy,baikgantshi,3ph t + l/o,kanye 132/11kv tx 2 lv cb 2ho,kanye,Distribution,South,high,permanent,2025-02-03,07:58,False,,2025,2
2025-03-09 00:00:00,18:30:00,077/25,"Government Enclave, 132/11kV T1",Government Enclave 132/11kV T1 LV CB 1HO,11.0,Distribution,South,Clear,19:55:00,1.42,SCADA,Tripped,March,High,Permanent,distribution,Monthly Fault Data Analysis Jan2023_June2025 Distribution only (1).xlsx,2025-03-09 00:00:00,2025-09-03,18:30:00,2026-03-19 18:30:00,clock,19:55:00,2026-03-19 19:55:00,clock,2025-09-03 18:30:00,2025-09-03 19:55:00,1.4166666666666667,1.42,11.0,clear,scada,tripped,government enclave 132/11kv t1 lv cb 1ho,"government enclave, 132/11kv t1",Distribution,South,high,permanent,2025-09-03,18:30,False,,2025,9
2025-03-13 00:00:00,04:46:00,084/25,F/Town West,F/Town West 132/11kV Tx 2A LV CB 2HOB,11.0,Distribution,North,Cloudy,05:43:00,0.95,SCADA / Chabalala,LV OC & EF Relay: Trip. LV master trip operated,March,High,Permanent,distribution,Monthly Fault Data Analysis Jan2023_June2025 Distribution only (1).xlsx,2025-03-13 00:00:00,2025-03-13,04:46:00,2026-03-19 04:46:00,clock,05:43:00,2026-03-19 05:43:00,clock,2025-03-13 04:46:00,2025-03-13 05:43:00,0.95,0.95,11.0,cloudy,chabalala,lv oc & ef relay: trip. lv master trip operated,f/town west 132/11kv tx 2a lv cb 2hob,f/town west,Distribution,North,high,permanent,2025-03-13,04:46,False,,2025,3
2025-03-13 00:00:00,06:23:00,084/25,F/Town West,F/Town West 132/11kV Tx 2A LV CB 2HOB,11.0,Distribution,North,Cloudy,07:04:00,0.68,SCADA / Chabalala,LV OC & EF Relay: Trip. LV master trip operated,March,High,Permanent,distribution,Monthly Fault Data Analysis Jan2023_June2025 Distribution only (1).xlsx,2025-03-13 00:00:00,2025-03-13,06:23:00,2026-03-19 06:23:00,clock,07:04:00,2026-03-19 07:04:00,clock,2025-03-13 06:23:00,2025-03-13 07:04:00,0.6833333333333333,0.68,11.0,cloudy,chabalala,lv oc & ef relay: trip. lv master trip operated,f/town west 132/11kv tx 2a lv cb 2hob,f/town west,Distribution,North,high,permanent,2025-03-13,06:23,False,,2025,3
2025-03-13 00:00:00,13:01:00,078/25,Francistown,Francistown 220/11kV TX 1B LV CB 1TOB,11.0,Distribution,North,Cloudy,14:12:00,1.18,SCADA / Magola,"F/town, 220/11kV TX 1B LV side; Ground to neutral, O/C trip",March,High,Permanent,distribution,Monthly Fault Data Analysis Jan2023_June2025 Distribution only (1).xlsx,2025-03-13 00:00:00,2025-03-13,13:01:00,2026-03-19 13:01:00,clock,14:12:00,2026-03-19 14:12:00,clock,2025-03-13 13:01:00,2025-03-13 14:12:00,1.1833333333333333,1.18,11.0,cloudy,magola,"f/town, 220/11kv tx 1b lv side; ground to neutral, o/c trip",francistown 220/11kv tx 1b lv cb 1tob,francistown,Distribution,North,high,permanent,2025-03-13,13:01,False,,2025,3
2025-03-13 00:00:00,13:01:00,078/25,Francistown,Francistown 220/11kV TX 1A LV CB 1TOA,11.0,Distribution,North,Cloudy,17:13:00,4.2,SCADA / Magola,"F/town, 220/11kV TX 1A LV side; Backup protection trip",March,High,Permanent,distribution,Monthly Fault Data Analysis Jan2023_June2025 Distribution only (1).xlsx,2025-03-13 00:00:00,2025-03-13,13:01:00,2026-03-19 13:01:00,clock,17:13:00,2026-03-19 17:13:00,clock,2025-03-13 13:01:00,2025-03-13 17:13:00,4.2,4.2,11.0,cloudy,magola,"f/town, 220/11kv tx 1a lv side; backup protection trip",francistown 220/11kv tx 1a lv cb 1toa,francistown,Distribution,North,high,permanent,2025-03-13,13:01,False,,2025,3
2025-03-22 00:00:00,15:05:00,88/25,Orapa 2,Orapa 2 220/33kV T1 LV CB H08,33.0,Distribution,Central,Clear,16:18:00,1.22,SCADA,LoStage E/F operated; Letlhakane Village feeder OHL conductor broken,March,High,Permanent,distribution,Monthly Fault Data Analysis Jan2023_June2025 Distribution only (1).xlsx,2025-03-22 00:00:00,2025-03-22,15:05:00,2026-03-19 15:05:00,clock,16:18:00,2026-03-19 16:18:00,clock,2025-03-22 15:05:00,2025-03-22 16:18:00,1.2166666666666666,1.22,33.0,clear,scada,lostage e/f operated; letlhakane village feeder ohl conductor broken,orapa 2 220/33kv t1 lv cb h08,orapa 2,Distribution,Central,high,permanent,2025-03-22,15:05,False,,2025,3
2025-03-28 00:00:00,19:59:00,091/25,Gaphatshwa,Gaphatshwa 132/11kV Transformer 4 LV CB 4HO,11.0,Distribution,South,Normal,21:55:00,1.93,SCADA,"Over voltage, Master trip operated",March,High,Permanent,distribution,Monthly Fault Data Analysis Jan2023_June2025 Distribution only (1).xlsx,2025-03-28 00:00:00,2025-03-28,19:59:00,2026-03-19 19:59:00,clock,21:55:00,2026-03-19 21:55:00,clock,2025-03-28 19:59:00,2025-03-28 21:55:00,1.9333333333333333,1.93,11.0,clear,scada,"over voltage, master trip operated",gaphatshwa 132/11kv transformer 4 lv cb 4ho,gaphatshwa,Distribution,South,high,permanent,2025-03-28,19:59,False,,2025,3
2025-03-28 00:00:00,19:59:00,091/25,Gaphatshwa,Gaphatshwa 132/11kV Transformer 3 LV CB 3HO,11.0,Distribution,South,Normal,21:55:00,1.93,SCADA,"Over voltage, Master trip operated",March,High,Permanent,distribution,Monthly Fault Data Analysis Jan2023_June2025 Distribution only (1).xlsx,2025-03-28 00:00:00,2025-03-28,19:59:00,2026-03-19 19:59:00,clock,21:55:00,2026-03-19 21:55:00,clock,2025-03-28 19:59:00,2025-03-28 21:55:00,1.9333333333333333,1.93,11.0,clear,scada,"over voltage, master trip operated",gaphatshwa 132/11kv transformer 3 lv cb 3ho,gaphatshwa,Distribution,South,high,permanent,2025-03-28,19:59,False,,2025,3
2025-04-09 00:00:00,06:46:00,095/25,Jwaneng,Jwaneng 132/33kV Transformer 9 LV CB 9HO,33.0,Distribution,South,Rainy,16:03:00,9.28,SCADA / Mosarwe,Through fault from CSS Feeder 4L5 (failed to trip); restored after isolation,April,High,Permanent,distribution,Monthly Fault Data Analysis Jan2023_June2025 Distribution only (1).xlsx,2025-04-09 00:00:00,2025-09-04,06:46:00,2026-03-19 06:46:00,clock,16:03:00,2026-03-19 16:03:00,clock,2025-09-04 06:46:00,2025-09-04 16:03:00,9.283333333333333,9.28,33.0,rainy/stormy,mosarwe,through fault from css feeder 4l5 (failed to trip); restored after isolation,jwaneng 132/33kv transformer 9 lv cb 9ho,jwaneng,Distribution,South,high,permanent,2025-09-04,06:46,False,,2025,9
2025-04-12 00:00:00,10:53:00,097/25,Jwaneng,Jwaneng 132/33kV Transformer 9 LV CB 9HO,33.0,Distribution,South,Cloudy,11:31:00,0.63,SCADA / Mosarwe,"Buszone trip; Mine Feeder 5 tripped on O/C, E/F",April,High,Permanent,distribution,Monthly Fault Data Analysis Jan2023_June2025 Distribution only (1).xlsx,2025-04-12 00:00:00,2025-12-04,10:53:00,2026-03-19 10:53:00,clock,11:31:00,2026-03-19 11:31:00,clock,2025-12-04 10:53:00,2025-12-04 11:31:00,0.6333333333333333,0.63,33.0,cloudy,mosarwe,"buszone trip; mine feeder 5 tripped on o/c, e/f",jwaneng 132/33kv transformer 9 lv cb 9ho,jwaneng,Distribution,South,high,permanent,2025-12-04,10:53,False,,2025,12
2025-04-12 00:00:00,14:24:00,098/25,Jwaneng,Jwaneng 132/33kV Transformer 9 LV CB 9HO,33.0,Distribution,South,Cloudy,14:51:00,0.45,SCADA / Mosarwe,"Buszone trip; Mine Feeder 5 tripped on O/C, E/F",April,Medium,Sustained,distribution,Monthly Fault Data Analysis Jan2023_June2025 Distribution only (1).xlsx,2025-04-12 00:00:00,2025-12-04,14:24:00,2026-03-19 14:24:00,clock,14:51:00,2026-03-19 14:51:00,clock,2025-12-04 14:24:00,2025-12-04 14:51:00,0.45,0.45,33.0,cloudy,mosarwe,"buszone trip; mine feeder 5 tripped on o/c, e/f",jwaneng 132/33kv transformer 9 lv cb 9ho,jwaneng,Distribution,South,medium,sustained,2025-12-04,14:24,False,,2025,12
2025-04-19 00:00:00,09:27:00,099/25,Broadhurst,Broadhurst 132/11kV TRF 1 LV CB 3H0,11.0,Distribution,South,Cloudy,14:05:00,4.63,SCADA / R. Galetshetse,"Overcurrent trip; Zone 2 trip, underfrequency relay",April,High,Permanent,distribution,Monthly Fault Data Analysis Jan2023_June2025 Distribution only (1).xlsx,2025-04-19 00:00:00,2025-04-19,09:27:00,2026-03-19 09:27:00,clock,14:05:00,2026-03-19 14:05:00,clock,2025-04-19 09:27:00,2025-04-19 14:05:00,4.633333333333334,4.63,11.0,cloudy,r. galetshetse,"overcurrent trip; zone 2 trip, underfrequency relay",broadhurst 132/11kv trf 1 lv cb 3h0,broadhurst,Distribution,South,high,permanent,2025-04-19,09:27,False,,2025,4
2025-04-19 00:00:00,09:27:00,099/25,Broadhurst,Broadhurst 132/11kV TRF 2 LV CB 4HO,11.0,Distribution,South,Cloudy,  11:51,50.4,SCADA / R. Galetshetse,Underfrequency relay trip,April,High,Permanent,distribution,Monthly Fault Data Analysis Jan2023_June2025 Distribution only (1).xlsx,2025-04-19 00:00:00,2025-04-19,09:27:00,2026-03-19 09:27:00,clock,11:51,1900-01-01 11:51:00,clock,2025-04-19 09:27:00,2025-04-19 11:51:00,2.4,50.4,11.0,cloudy,r. galetshetse,underfrequency relay trip,broadhurst 132/11kv trf 2 lv cb 4ho,broadhurst,Distribution,South,high,permanent,2025-04-19,09:27,False,,2025,4
2025-04-23 00:00:00,22:13:00,102/25,Mochudi,Mochudi 132/33kV Transformer 1 LV CB 110,33.0,Distribution,South,Clear,00:29:00,2.27,SCADA / E. Ntoko,Earth fault,April,High,Permanent,distribution,Monthly Fault Data Analysis Jan2023_June2025 Distribution only (1).xlsx,2025-04-23 00:00:00,2025-04-23,22:13:00,2026-03-19 22:13:00,clock,00:29:00,2026-03-19 00:29:00,clock,2025-04-23 22:13:00,2025-04-24 00:29:00,2.2666666666666666,2.27,33.0,clear,e. ntoko,earth fault,mochudi 132/33kv transformer 1 lv cb 110,mochudi,Distribution,South,high,permanent,2025-04-23,22:13,False,,2025,4
2025-04-30 00:00:00,07:15:00,103/25,Jwaneng,Jwaneng 132/33kV Tx 9 LV CB 9HO,33.0,Distribution,South,Sunny,08:03:00,0.8,SCADA / Mosarwe,E/F trip,April,High,Permanent,distribution,Monthly Fault Data Analysis Jan2023_June2025 Distribution only (1).xlsx,2025-04-30 00:00:00,2025-04-30,07:15:00,2026-03-19 07:15:00,clock,08:03:00,2026-03-19 08:03:00,clock,2025-04-30 07:15:00,2025-04-30 08:03:00,0.8,0.8,33.0,clear,mosarwe,e/f trip,jwaneng 132/33kv tx 9 lv cb 9ho,jwaneng,Distribution,South,high,permanent,2025-04-30,07:15,False,,2025,4
2025-04-30 00:00:00,09:12:00,104/25,Jwaneng,Jwaneng 132/33kV Tx 8 LV CB 8HO,33.0,Distribution,South,Sunny,09:34:00,0.37,SCADA / Mosarwe / Charles,"Buszone trip; baboons seen in substation, flash on 33kV busbar",April,Medium,Sustained,distribution,Monthly Fault Data Analysis Jan2023_June2025 Distribution only (1).xlsx,2025-04-30 00:00:00,2025-04-30,09:12:00,2026-03-19 09:12:00,clock,09:34:00,2026-03-19 09:34:00,clock,2025-04-30 09:12:00,2025-04-30 09:34:00,0.36666666666666664,0.37,33.0,clear,mosarwe/charles,"buszone trip; baboons seen in substation, flash on 33kv busbar",jwaneng 132/33kv tx 8 lv cb 8ho,jwaneng,Distribution,South,medium,sustained,2025-04-30,09:12,False,,2025,4
2025-05-03 00:00:00,10:20:00,108/25,Maun,Maun 132/11kV Transformer 1 LV CB 1T0,11.0,Distribution,North,Sunny,16:13:00,5.88,SCADA / Magola,"Protection Trip, Current Relay operated",May,High,Permanent,distribution,Monthly Fault Data Analysis Jan2023_June2025 Distribution only (1).xlsx,2025-05-03 00:00:00,2025-03-05,10:20:00,2026-03-19 10:20:00,clock,16:13:00,2026-03-19 16:13:00,clock,2025-03-05 10:20:00,2025-03-05 16:13:00,5.883333333333334,5.88,11.0,clear,magola,"protection trip, current relay operated",maun 132/11kv transformer 1 lv cb 1t0,maun,Distribution,North,high,permanent,2025-03-05,10:20,False,,2025,3
2025-05-03 00:00:00,10:20:00,108/25,Maun,Maun 11kV Bus Section CB 1S0,11.0,Distribution,North,Sunny,16:19:00,5.98,SCADA / Magola,Protection Trip,May,High,Permanent,distribution,Monthly Fault Data Analysis Jan2023_June2025 Distribution only (1).xlsx,2025-05-03 00:00:00,2025-03-05,10:20:00,2026-03-19 10:20:00,clock,16:19:00,2026-03-19 16:19:00,clock,2025-03-05 10:20:00,2025-03-05 16:19:00,5.983333333333333,5.98,11.0,clear,magola,protection trip,maun 11kv bus section cb 1s0,maun,Distribution,North,high,permanent,2025-03-05,10:20,False,,2025,3
2025-05-23 00:00:00,22:13:00,102/25,Mochudi,Mochudi 132/33kV Transformer 1 LV CB 110,33.0,Distribution,South,Clear,00:29:00,2.27,SCADA / E. Ntoko,Earth fault,May,High,Permanent,distribution,Monthly Fault Data Analysis Jan2023_June2025 Distribution only (1).xlsx,2025-05-23 00:00:00,2025-05-23,22:13:00,2026-03-19 22:13:00,clock,00:29:00,2026-03-19 00:29:00,clock,2025-05-23 22:13:00,2025-05-24 00:29:00,2.2666666666666666,2.27,33.0,clear,e. ntoko,earth fault,mochudi 132/33kv transformer 1 lv cb 110,mochudi,Distribution,South,high,permanent,2025-05-23,22:13,False,,2025,5
2025-06-08 00:00:00,11:52:00,123/25,Phakalane,Phakalane 132/11kV Transformer 2 LV CB 2HOB,11.0,Distribution,South,Clear,12:31:00,0.65,SCADA,Inter trip receive,June,High,Permanent,distribution,Monthly Fault Data Analysis Jan2023_June2025 Distribution only (1).xlsx,2025-06-08 00:00:00,2025-08-06,11:52:00,2026-03-19 11:52:00,clock,12:31:00,2026-03-19 12:31:00,clock,2025-08-06 11:52:00,2025-08-06 12:31:00,0.65,0.65,11.0,clear,scada,inter trip receive,phakalane 132/11kv transformer 2 lv cb 2hob,phakalane,Distribution,South,high,permanent,2025-08-06,11:52,False,,2025,8
2025-06-08 00:00:00,11:52:00,123/25,Phakalane,Phakalane 11kV Bussection CB 1SOB,11.0,Distribution,South,Clear,12:31:00,0.65,SCADA,CB FAIL Right hand side,June,High,Permanent,distribution,Monthly Fault Data Analysis Jan2023_June2025 Distribution only (1).xlsx,2025-06-08 00:00:00,2025-08-06,11:52:00,2026-03-19 11:52:00,clock,12:31:00,2026-03-19 12:31:00,clock,2025-08-06 11:52:00,2025-08-06 12:31:00,0.65,0.65,11.0,clear,scada,cb fail right hand side,phakalane 11kv bussection cb 1sob,phakalane,Distribution,South,high,permanent,2025-08-06,11:52,False,,2025,8
2025-06-25 00:00:00,17:31:00,128/25,Molepolole,Molepolole 132/33kV T1 LV CB H10,33.0,Distribution,South,Clear,20:48:00,3.28,Kgame/Galetshetse,LV Directional E/F Trip,June,High,Permanent,distribution,Monthly Fault Data Analysis Jan2023_June2025 Distribution only (1).xlsx,2025-06-25 00:00:00,2025-06-25,17:31:00,2026-03-19 17:31:00,clock,20:48:00,2026-03-19 20:48:00,clock,2025-06-25 17:31:00,2025-06-25 20:48:00,3.283333333333333,3.28,33.0,clear,kgame/galetshetse,lv directional e/f trip,molepolole 132/33kv t1 lv cb h10,molepolole,Distribution,South,high,permanent,2025-06-25,17:31,False,,2025,6
