fault_id,source_name,fault_no,event_date,trip_datetime,event_date_key,trip_time_key,location_primary,locations_all,apparatus_concat,comments_concat,text_corpus,system_type,substation_area,weather,reporter,voltage_level_kv,voltage_levels_all,row_count,unique_apparatus_count,max_downtime_hours,mean_downtime_hours,min_reclose_delay_hours,max_reclose_delay_hours,any_reclosed_clock,any_reclosed_arc,has_comments,mixed_operational_labels,row_operational_labels,stage1_operational_label,stage1_binary_label,is_chrono_anomaly,anomaly_reason,event_hour,event_weekday,event_month,season,mentions_overcurrent,mentions_earth_fault,mentions_phase,mentions_three_phase,mentions_buchholz,mentions_diff,mentions_voltage_issue,mentions_trip_failure
distribution::117/23::2022-04-18::03:26,distribution,117/23,2022-04-18,2022-04-18 03:26:00,2022-04-18,03:26,Kanye,Kanye,Kanye 132/11 kV Transformer 1: LV CB 1HO || Kanye 132/11 kV Transformer 2: LV CB 2H0,Trip was due to a through fault from feeder 4L5.,trip was due to a through fault from feeder 4l5. kanye 132/11 kv transformer 1: lv cb 1ho || kanye 132/11 kv transformer 2: lv cb 2h0,Distribution,South,clear,baoki,11.0,11.0,2,2,1.27,1.27,2.2666666666666666,2.2666666666666666,True,False,True,False,permanent,permanent,Permanent,True,fault_id_date_anomaly,3,0,4,autumn,0,0,0,0,0,0,0,0
distribution::118/23::2022-04-18::07:35,distribution,118/23,2022-04-18,2022-04-18 07:35:00,2022-04-18,07:35,Kanye,Kanye,Kanye 132/11 kV Transformer 1: LV CB 1HO || Kanye 132/11 kV Transformer 2: LV CB 2H0,Trip was due to a through fault from feeder 4L5. Further patrolling carried out.,trip was due to a through fault from feeder 4l5. further patrolling carried out. kanye 132/11 kv transformer 1: lv cb 1ho || kanye 132/11 kv transformer 2: lv cb 2h0,Distribution,South,clear,baoki,11.0,11.0,2,2,0.73,0.73,0.7333333333333333,0.7333333333333333,True,False,True,False,permanent,permanent,Permanent,True,fault_id_date_anomaly,7,0,4,autumn,0,0,0,0,0,0,0,0
distribution::004/23::2023-01-06::08:09,distribution,004/23,2023-01-06,2023-01-06 08:09:00,2023-01-06,08:09,Jwaneng,Jwaneng,Jwaneng 132/33 T8: LV CB 8HO,Bus zone trip,bus zone trip jwaneng 132/33 t8: lv cb 8ho,Distribution,South,clear,mosarwe,33.0,33.0,1,1,0.7,0.7,0.7,0.7,True,False,True,False,permanent,permanent,Permanent,False,,8,4,1,summer,0,0,0,0,0,0,0,0
distribution::005/23::2023-01-06::15:33,distribution,005/23,2023-01-06,2023-01-06 15:33:00,2023-01-06,15:33,Orapa,Orapa,Orapa1 220/33 Transformer 2: LV CB H10,"LV O/C trip, Winding Temp Trip & Oil Temp Alarm","lv o/c trip, winding temp trip & oil temp alarm orapa1 220/33 transformer 2: lv cb h10",Distribution,North,rainy/stormy,theophilus,33.0,33.0,1,1,0.95,0.95,0.95,0.95,True,False,True,False,permanent,permanent,Permanent,False,,15,4,1,summer,1,0,0,0,1,0,0,0
distribution::007/23::2023-01-07::11:35,distribution,007/23,2023-01-07,2023-01-07 11:35:00,2023-01-07,11:35,Sua Pan,Sua Pan,Sua Pan 132/11 CBs 3L5 & 4L5,"Overcurrent protection, smoke on 11 busbar, Botash not importing","overcurrent protection, smoke on 11 busbar, botash not importing sua pan 132/11 cbs 3l5 & 4l5",Distribution,North,clear,scada,11.0,11.0,1,1,8.35,8.35,8.35,8.35,True,False,True,False,permanent,permanent,Permanent,False,,11,5,1,summer,1,0,0,0,0,0,0,0
distribution::113/23::2023-01-17::18:46,distribution,113/23,2023-01-17,2023-01-17 18:46:00,2023-01-17,18:46,Woodhall,Woodhall,Woodhall 132/11 Transformer 1A: LV CB 1HO,,woodhall 132/11 transformer 1a: lv cb 1ho,Distribution,Central,cloudy,ramacha,11.0,11.0,1,1,4.717,4.717,4.716666666666667,4.716666666666667,True,False,False,False,permanent,permanent,Permanent,False,,18,1,1,summer,0,0,0,0,0,0,0,0
distribution::016/23::2023-01-29::22:38,distribution,016/23,2023-01-29,2023-01-29 22:38:00,2023-01-29,22:38,Orapa,Orapa,Orapa 1 220/33 Transformer 2: LV CB H10,"33 OVERVOLTAGE TRIP, Winding Temp Alarm & Trip Low set, Master trip","33 overvoltage trip, winding temp alarm & trip low set, master trip orapa 1 220/33 transformer 2: lv cb h10",Distribution,Central,rainy/stormy,mmusi,33.0,33.0,1,1,0.85,0.85,0.7833333333333333,0.7833333333333333,True,False,True,False,permanent,permanent,Permanent,False,,22,6,1,summer,0,0,0,0,1,0,1,0
distribution::036/23::2023-02-09::15:53,distribution,036/23,2023-02-09,2023-02-09 15:53:00,2023-02-09,15:53,Orapa,Orapa,Orapa 2 GEN Tx 1: LV CB 01BAT10,DIFF protection operated,diff protection operated orapa 2 gen tx 1: lv cb 01bat10,Distribution,North,clear,batleng,11.0,11.0,1,1,1.2,1.2,0.8666666666666667,0.8666666666666667,True,False,True,False,permanent,permanent,Permanent,False,,15,3,2,summer,0,0,0,0,0,1,0,0
distribution::051/23::2023-02-17::23:31,distribution,051/23,2023-02-17,2023-02-17 23:31:00,2023-02-17,23:31,Fancistown West,Fancistown West,FWST 132/11 T1A & T2A: 11 CBs 1HOA & 2HOA,Earth Fault (E/F) protection trip,earth fault (e/f) protection trip fwst 132/11 t1a & t2a: 11 cbs 1hoa & 2hoa,Distribution,North,cloudy,serema,11.0,11.0,1,1,0.817,0.817,0.8166666666666667,0.8166666666666667,True,False,True,False,permanent,permanent,Permanent,False,,23,4,2,summer,0,1,0,0,0,0,0,0
distribution::052/23::2023-02-18::01:40,distribution,052/23,2023-02-18,2023-02-18 01:40:00,2023-02-18,01:40,Fancistown West,Fancistown West,FWST 132/11 T1A & T2A: 11 CBs 1HOA & 2HOA,Earth Fault (E/F) protection trip recurrence,earth fault (e/f) protection trip recurrence fwst 132/11 t1a & t2a: 11 cbs 1hoa & 2hoa,Distribution,North,cloudy,serema,11.0,11.0,1,1,1.4,1.4,1.0666666666666669,1.0666666666666669,True,False,True,False,permanent,permanent,Permanent,False,,1,5,2,summer,0,1,0,0,0,0,0,0
distribution::078/23::2023-03-14::13:52,distribution,078/23,2023-03-14,2023-03-14 13:52:00,2023-03-14,13:52,Boteti,Boteti,BDHT 132/11 Transformer 3 & Bus Section,"Buchholz trip, Oil surge, internal fault suspected","buchholz trip, oil surge, internal fault suspected bdht 132/11 transformer 3 & bus section",Distribution,Central,rainy/stormy,boteti,11.0,11.0,1,1,0.73,0.73,0.7333333333333333,0.7333333333333333,True,False,True,False,permanent,permanent,Permanent,False,,13,1,3,autumn,0,0,0,0,1,0,0,0
distribution::087/23::2023-03-15::17:52,distribution,087/23,2023-03-15,2023-03-15 17:52:00,2023-03-15,17:52,Tlokweng,Tlokweng,Tlokweng 132/11 Transformer 1: LV CB 1HO,"O/C trip, Master trip","o/c trip, master trip tlokweng 132/11 transformer 1: lv cb 1ho",Distribution,South,clear,tlokweng,11.0,11.0,1,1,0.8,0.8,0.8,0.8,True,False,True,False,permanent,permanent,Permanent,False,,17,2,3,autumn,1,0,0,0,0,0,0,0
distribution::096/23::2023-03-31::06:02,distribution,096/23,2023-03-31,2023-03-31 06:02:00,2023-03-31,06:02,Woodhall,Woodhall,Woodhall 132/33 TRF 3: HV CB 310 & LV CB H30,No time reclosed likely no restoration indication; breaker sequence: Tripped,no time reclosed likely no restoration indication; breaker sequence: tripped woodhall 132/33 trf 3: hv cb 310 & lv cb h30,Distribution,South,cloudy,scada,33.0,33.0,1,1,0.0,0.0,,,False,True,True,False,transient,transient,Non-permanent,False,,6,4,3,autumn,0,0,0,0,0,0,0,1
distribution::105/23::2023-04-07::08:07,distribution,105/23,2023-04-07,2023-04-07 08:07:00,2023-04-07,08:07,BDHT,BDHT || MOGS,BDHT 132/11kV Transformer 1 || BDHT 132/11kV Transformer 4 || MOGS 132/33kV Transformer 1 || MOGS 132/33kV Transformer 2,,bdht 132/11kv transformer 1 || bdht 132/11kv transformer 4 || mogs 132/33kv transformer 1 || mogs 132/33kv transformer 2,Distribution,South,clear,scada,11.0,11.0 || 33.0,4,4,0.95,0.9325000000000001,0.8833333333333333,0.9166666666666666,True,False,False,False,permanent,permanent,Permanent,False,,8,4,4,autumn,0,0,0,0,0,0,0,0
distribution::111/23::2023-04-11::03:17,distribution,111/23,2023-04-11,2023-04-11 03:17:00,2023-04-11,03:17,MORP,MORP,Morp A Generator 2 12kv CB 2GO,"Load loss: 20 MW, 151.3 MWh","load loss: 20 mw, 151.3 mwh morp a generator 2 12kv cb 2go",Distribution,Central,clear,ralesota,12.0,12.0,1,1,7.57,7.57,7.566666666666666,7.566666666666666,True,False,True,False,permanent,permanent,Permanent,False,,3,1,4,autumn,0,0,0,0,0,0,0,0
distribution::121/23::2023-04-26::17:19,distribution,121/23,2023-04-26,2023-04-26 17:19:00,2023-04-26,17:19,Jwaneng,Jwaneng,Jwaneng 132/33kV Transformer 9 HV CB 410 || Jwaneng 132/33kV Transformer 9 LV CB 9H0,Load loss to Debswana Mine Boreholes power supply.,load loss to debswana mine boreholes power supply. jwaneng 132/33kv transformer 9 hv cb 410 || jwaneng 132/33kv transformer 9 lv cb 9h0,Distribution,South,clear,mosarwe,33.0,33.0,2,2,0.72,0.72,0.7166666666666667,0.7166666666666667,True,False,True,False,permanent,permanent,Permanent,False,,17,2,4,autumn,0,0,0,0,0,0,0,0
distribution::124/23::2023-05-05::15:15,distribution,124/23,2023-05-05,2023-05-05 15:15:00,2023-05-05,15:15,MOGS,B/HURST || MOGS,B/HURST 132/11kV Transformer 2 LV CB 4H0 || MOGS 132/11kV Transformer 3 HV CB 410 || MOGS 132/11kV Transformer 3 LV CB 3H0 || MOGS 132/11kV Transformer 4 HV CB 510 || MOGS 132/11kV Transformer 4 LV CB 4H0,Intertrip Receive/Send; Tripped || Intertrip Receive; Tripped || Tripped,intertrip receive/send; tripped || intertrip receive; tripped || tripped b/hurst 132/11kv transformer 2 lv cb 4h0 || mogs 132/11kv transformer 3 hv cb 410 || mogs 132/11kv transformer 3 lv cb 3h0 || mogs 132/11kv transformer 4 hv cb 510 || mogs 132/11kv transformer 4 lv cb 4h0,Distribution,South,clear,scada,11.0,11.0,5,5,1.97,1.906,1.8333333333333333,1.9666666666666663,True,False,True,False,permanent,permanent,Permanent,False,,15,4,5,autumn,0,0,0,0,0,0,0,0
distribution::128/23::2023-05-08::00:13,distribution,128/23,2023-05-08,2023-05-08 00:13:00,2023-05-08,00:13,Orapa,Orapa,Orapa 2 220/33kV Transformer 1 HV CB H10,Overvoltage; Tripped,overvoltage; tripped orapa 2 220/33kv transformer 1 hv cb h10,Distribution,IPS,clear,scada,33.0,33.0,1,1,5.47,5.47,5.466666666666667,5.466666666666667,True,False,True,False,permanent,permanent,Permanent,False,,0,0,5,autumn,0,0,0,0,0,0,1,0
distribution::128/23::2023-05-08::00:16,distribution,128/23,2023-05-08,2023-05-08 00:16:00,2023-05-08,00:16,Mowana,Mowana,Mowana 132/11kV Transformer 1,Overvoltage; Tripped,overvoltage; tripped mowana 132/11kv transformer 1,Distribution,IPS,clear,scada,11.0,11.0,1,1,5.1,5.1,5.1,5.1,True,False,True,False,permanent,permanent,Permanent,False,,0,0,5,autumn,0,0,0,0,0,0,1,0
distribution::140/23::2023-05-31::05:14,distribution,140/23,2023-05-31,2023-05-31 05:14:00,2023-05-31,05:14,Gov/Enclave,Gov/Enclave,Gov/Enclave 132/11kV TRF 2 HV CB 280 || Gov/Enclave 132/11kV TRF 2 LV CB 2HO,Master Trip Operated; Tap Change Buchholz Operated || Under Frequency; Protection Trip,master trip operated; tap change buchholz operated || under frequency; protection trip gov/enclave 132/11kv trf 2 hv cb 280 || gov/enclave 132/11kv trf 2 lv cb 2ho,Distribution,South,cloudy,ntoko,11.0,11.0,2,2,9.82,9.82,9.816666666666666,9.816666666666666,True,False,True,False,permanent,permanent,Permanent,False,,5,2,5,autumn,0,0,0,0,1,0,1,0
distribution::141/23::2023-06-02::10:48,distribution,141/23,2023-06-02,2023-06-02 10:48:00,2023-06-02,10:48,Maun,Maun,Maun 132/11kV Transformer 1 HV CB 110 || Maun 132/11kV Transformer 2 LV CB 2TO,Did not trip initially; High set O/C on Matshwane feeder; later tripped || O/C trip,did not trip initially; high set o/c on matshwane feeder; later tripped || o/c trip maun 132/11kv transformer 1 hv cb 110 || maun 132/11kv transformer 2 lv cb 2to,Distribution,North,clear,mosala,11.0,11.0,2,2,0.62,0.62,0.6166666666666667,0.6166666666666667,True,False,True,False,permanent,permanent,Permanent,False,,10,4,6,winter,1,0,0,0,0,0,0,1
distribution::147/23::2023-06-15::15:18,distribution,147/23,2023-06-15,2023-06-15 15:18:00,2023-06-15,15:18,Makoba,Makoba,Makoba 132/33kV T2 HV & LV CBs 210 & T20 || 33kV Bus Bar B/S CB S10,"LV Bus zone 2 trip & Mastertrip operated || Zone 2 trip, Check Zine trip & Zone 2 trip L1","lv bus zone 2 trip & mastertrip operated || zone 2 trip, check zine trip & zone 2 trip l1 makoba 132/33kv t2 hv & lv cbs 210 & t20 || 33kv bus bar b/s cb s10",Distribution,North West,clear,chabalala,33.0,33.0,2,2,0.37,0.37,0.3666666666666666,0.3666666666666666,True,False,True,False,sustained,sustained,Non-permanent,False,,15,3,6,winter,0,0,0,0,0,0,0,0
distribution::154/23::2023-06-29::02:28,distribution,154/23,2023-06-29,2023-06-29 02:28:00,2023-06-29,02:28,Motheo Mine,Motheo Mine,Motheo Mine 11kV B/Section CB 1SO,No indication; Tripped,no indication; tripped motheo mine 11kv b/section cb 1so,Distribution,North West,clear,css,11.0,11.0,1,1,1.65,1.65,1.65,1.65,True,False,True,False,permanent,permanent,Permanent,False,,2,3,6,winter,0,0,0,0,0,0,0,0
distribution::150/23::2023-08-08::03:35,distribution,150/23,2023-08-08,2023-08-08 03:35:00,2023-08-08,03:35,Morupule A,Morupule A,Morupule A Generator 3 11kV CB 3G0,Thermal Stress; Tripped,thermal stress; tripped morupule a generator 3 11kv cb 3g0,Distribution,Central,clear,scada,11.0,11.0,1,1,0.0,0.0,,,False,False,True,False,transient,transient,Non-permanent,False,,3,1,8,winter,0,0,0,0,0,0,0,0
distribution::162/23::2023-09-23::21:26,distribution,162/23,2023-09-23,2023-09-23 21:26:00,2023-09-23,21:26,Kgale View,Kgale View,Kgale View T1 & T2 11kV LV CB 1H0 || Kgale View T1 & T2 11kV LV CB 2H0 || Kgale View B/section CB 1SO,Arc protection; TRIP,arc protection; trip kgale view t1 & t2 11kv lv cb 1h0 || kgale view t1 & t2 11kv lv cb 2h0 || kgale view b/section cb 1so,Distribution,South,clear,galetshetse,11.0,11.0,3,3,2.97,2.52,1.6166666666666667,2.966666666666667,True,False,True,False,permanent,permanent,Permanent,False,,21,5,9,spring,0,0,0,0,0,0,0,0
distribution::163/23::2023-09-24::06:08,distribution,163/23,2023-09-24,2023-09-24 06:08:00,2023-09-24,06:08,Karowe,Karowe,Karowe T1 LV CB 1T0,TRIP (No load loss as B/Section CB 1SO was closed),trip (no load loss as b/section cb 1so was closed) karowe t1 lv cb 1t0,Distribution,North,clear,phillip,11.0,11.0,1,1,0.0,0.0,,,False,False,True,False,transient,transient,Non-permanent,False,,6,6,9,spring,0,0,0,0,0,0,0,0
distribution::164/23::2023-09-28::18:55,distribution,164/23,2023-09-28,2023-09-28 18:55:00,2023-09-28,18:55,Phakalane,Phakalane,Phakalane T1B LV CB 1HOB,Buchholz Alarm; TRIP,buchholz alarm; trip phakalane t1b lv cb 1hob,Distribution,South,clear,selei,11.0,11.0,1,1,0.08,0.08,0.0833333333333333,0.0833333333333333,True,False,True,False,transient,transient,Non-permanent,False,,18,3,9,spring,0,0,0,0,1,0,0,0
distribution::168/23::2023-10-05::12:37,distribution,168/23,2023-10-05,2023-10-05 12:37:00,2023-10-05,12:37,BDHT,BDHT,BDHT 132/11kV Transformer 1,"Zone 1,2,3 Trip, Master Trip, Underfreq","zone 1,2,3 trip, master trip, underfreq bdht 132/11kv transformer 1",Distribution,South,clear,ntoko,11.0,11.0,1,1,0.63,0.63,0.6333333333333333,0.6333333333333333,True,False,True,False,permanent,permanent,Permanent,False,,12,3,10,spring,0,0,0,0,0,0,0,0
distribution::191/23::2023-11-17::missing,distribution,191/23,2023-11-17,,2023-11-17,missing,Gab East,Gab East,Gab East 132/11kV T2B LV CB 2HOB || 11kV Bussection CB 1SOB,"Trip || Master trip, Buszone trip, Trip Circuit Supervision 1","trip || master trip, buszone trip, trip circuit supervision 1 gab east 132/11kv t2b lv cb 2hob || 11kv bussection cb 1sob",Distribution,South,clear,ntoko,11.0,11.0,2,2,2.18,2.065,,,True,False,True,False,permanent,permanent,Permanent,False,,-1,4,11,spring,0,0,0,0,0,0,0,0
distribution::192/23::2023-11-18::missing,distribution,192/23,2023-11-18,,2023-11-18,missing,Gab East,Gab East,Gab East 132/11kV T1B LV CB 1HOB || Gab East 132/11kV T2B LV CB 2HOB || Gab East 132/11kV T3B LV CB 3HOB || Gab East 11kV CB 1SOB,"Buszone operated, VT Fail || Tripped || Phase A & B trip, Buszone Phase B and C","buszone operated, vt fail || tripped || phase a & b trip, buszone phase b and c gab east 132/11kv t1b lv cb 1hob || gab east 132/11kv t2b lv cb 2hob || gab east 132/11kv t3b lv cb 3hob || gab east 11kv cb 1sob",Distribution,South,clear,ntoko,11.0,11.0,4,4,2.28,2.2775,,,True,False,True,False,permanent,permanent,Permanent,False,,-1,5,11,spring,0,0,1,0,0,0,0,0
distribution::206/23::2023-12-12::17:51,distribution,206/23,2023-12-12,2023-12-12 17:51:00,2023-12-12,17:51,Morupule A,Morupule A,Morp.A Unit 2 12kV CB 2GO,Flame failure; TRIPPED,flame failure; tripped morp.a unit 2 12kv cb 2go,Distribution,Central,clear,scada,12.0,12.0,1,1,0.0,0.0,,,False,False,True,False,transient,transient,Non-permanent,False,,17,1,12,summer,0,0,0,0,0,0,0,0
distribution::206/23::2023-12-15::17:06,distribution,206/23,2023-12-15,2023-12-15 17:06:00,2023-12-15,17:06,Hydromet,Hydromet,Hydromet 66/33kV TRF 01 HV CB H10,"Tertiary E/Fault, Master Trip; TRIPPED","tertiary e/fault, master trip; tripped hydromet 66/33kv trf 01 hv cb h10",Distribution,North,clear,kahona/chabalala,33.0,33.0,1,1,1.8,1.8,1.8,1.8,True,False,True,False,permanent,permanent,Permanent,False,,17,4,12,summer,0,0,0,0,0,0,0,0
distribution::206/23::2023-12-15::missing,distribution,206/23,2023-12-15,,2023-12-15,missing,Hydromet,Hydromet,Hydromet 66/33kV TRF 01 LV CB 180 || 33kV Bus Coupler CB 130,"Tertiary E/Fault, Master Trip; TRIPPED || Closed to restore supply via TX 03","tertiary e/fault, master trip; tripped || closed to restore supply via tx 03 hydromet 66/33kv trf 01 lv cb 180 || 33kv bus coupler cb 130",Distribution,North,clear,kahona/chabalala,33.0,33.0,2,2,1.8,1.385,,,True,False,True,False,permanent,permanent,Permanent,False,,-1,4,12,summer,0,0,0,0,0,0,0,0
distribution::211/23::2023-12-23::14:38,distribution,211/23,2023-12-23,2023-12-23 14:38:00,2023-12-23,14:38,Morupule A,Morupule A,Morp.A Unit 1 12kV CB 1GO,Furnace pressure high; TRIPPED,furnace pressure high; tripped morp.a unit 1 12kv cb 1go,Distribution,Central,clear,scada,12.0,12.0,1,1,0.0,0.0,,,False,False,True,False,transient,transient,Non-permanent,False,,14,5,12,summer,0,0,0,0,0,0,0,0
distribution::211/23::2023-12-25::09:50,distribution,211/23,2023-12-25,2023-12-25 09:50:00,2023-12-25,09:50,Orapa 1,Orapa 1,Orapa 1 220/33 kV Tx 3: HV CB H30,Tap changer overpressure trip; Water ingress found on overpressure termination box,tap changer overpressure trip; water ingress found on overpressure termination box orapa 1 220/33 kv tx 3: hv cb h30,Distribution,Central,rainy/stormy,likokoto,33.0,33.0,1,1,4.13,4.13,4.133333333333334,4.133333333333334,True,False,True,False,permanent,permanent,Permanent,False,,9,0,12,summer,0,0,0,0,0,0,0,0
distribution::213/23::2023-12-27::00:39,distribution,213/23,2023-12-27,2023-12-27 00:39:00,2023-12-27,00:39,Morupule A,Morupule A,Morupule A 12kV CB 3GO,Generator temperature high; Tripped,generator temperature high; tripped morupule a 12kv cb 3go,Distribution,Central,cloudy,obed,12.0,12.0,1,1,4.43,4.43,4.433333333333334,4.433333333333334,True,False,True,False,permanent,permanent,Permanent,False,,0,2,12,summer,0,0,0,0,0,0,0,0
distribution::005/24::2024-01-04::02:10,distribution,005/24,2024-01-04,2024-01-04 02:10:00,2024-01-04,02:10,Gaphatshwa,Gaphatshwa,132/11kV T3 CB 3H0,TRIP,trip 132/11kv t3 cb 3h0,Distribution,South,clear,ntoko,11.0,11.0,1,1,1.68,1.68,1.6833333333333331,1.6833333333333331,True,False,True,False,permanent,permanent,Permanent,False,,2,3,1,summer,0,0,0,0,0,0,0,0
distribution::005/24::2024-01-04::05:23,distribution,005/24,2024-01-04,2024-01-04 05:23:00,2024-01-04,05:23,Gaphatshwa,Gaphatshwa,132/11kV T4 CB 4H0,TRIP,trip 132/11kv t4 cb 4h0,Distribution,South,clear,ntoko,11.0,11.0,1,1,1.68,1.68,22.466666666666665,22.466666666666665,True,False,True,False,permanent,permanent,Permanent,False,,5,3,1,summer,0,0,0,0,0,0,0,0
distribution::008/24::2024-01-07::11:52,distribution,008/24,2024-01-07,2024-01-07 11:52:00,2024-01-07,11:52,F/Town West,F/Town West,F/Town West 132/11kV Transformer 1 : LV CB 1HOA || 11kV B/Section : CB 1S0A,"master trip, High set O/C, On Bus Section CB - High set O/C; Tripped || Tripped","master trip, high set o/c, on bus section cb - high set o/c; tripped || tripped f/town west 132/11kv transformer 1 : lv cb 1hoa || 11kv b/section : cb 1s0a",Distribution,North,clear,chabalala,11.0,11.0,2,2,1.02,1.02,1.0166666666666666,1.0166666666666666,True,False,True,False,permanent,permanent,Permanent,False,,11,6,1,summer,1,0,0,0,0,0,0,0
distribution::019/24::2024-01-15::22:15,distribution,019/24,2024-01-15,2024-01-15 22:15:00,2024-01-15,22:15,Ghanzi,Ghanzi,Ghanzi 132/11kV T1 LV CB 1H0 || Ghanzi 132/11kV T2 LV CB 2H0,Phase B-C O/C protetction; Tripped,phase b-c o/c protetction; tripped ghanzi 132/11kv t1 lv cb 1h0 || ghanzi 132/11kv t2 lv cb 2h0,Distribution,South,cloudy,rasefako,11.0,11.0,2,2,5.47,5.47,5.466666666666667,5.466666666666667,True,False,True,False,permanent,permanent,Permanent,False,,22,0,1,summer,1,0,1,0,0,0,0,0
distribution::023/24::2024-01-16::10:00,distribution,023/24,2024-01-16,2024-01-16 10:00:00,2024-01-16,10:00,Ramotswa,Ramotswa,Ramotswa 132/11kV T3 HV CB 310 || Ramotswa 132/11kV T3 LV CB 3H0,"Zone 1,2,3 Trip, Master Trip, Underfreq; Tripped","zone 1,2,3 trip, master trip, underfreq; tripped ramotswa 132/11kv t3 hv cb 310 || ramotswa 132/11kv t3 lv cb 3h0",Distribution,South,clear,ntoko,11.0,11.0,2,2,0.45,0.45,0.45,0.45,True,False,True,False,sustained,sustained,Non-permanent,False,,10,1,1,summer,0,0,0,0,0,0,0,0
distribution::028/24::2024-01-26::08:34,distribution,028/24,2024-01-26,2024-01-26 08:34:00,2024-01-26,08:34,Jwaneng,Jwaneng,Jwaneng 132/33 kV Transformer 8: LV CB 8H0 || 33kV Cap Bank 2 CB 4L5,"33kV bus zone: R-ɸ start, 89 alarm, 87 DIFF start, breaker fail, W-ɸ start, B-ɸ trip, zone 1 trip; Tripped || Tripped","33kv bus zone: r-ɸ start, 89 alarm, 87 diff start, breaker fail, w-ɸ start, b-ɸ trip, zone 1 trip; tripped || tripped jwaneng 132/33 kv transformer 8: lv cb 8h0 || 33kv cap bank 2 cb 4l5",Distribution,South,clear,baikgantshi,33.0,33.0,2,2,0.72,0.61,0.5,0.7166666666666667,True,False,True,True,permanent || sustained,permanent,Permanent,False,,8,4,1,summer,0,0,0,0,0,1,0,0
distribution::028/24::2024-01-26::missing,distribution,028/24,2024-01-26,,2024-01-26,missing,Jwaneng,Jwaneng,Jwaneng 132/33 kV Transformer 8: HV CB 110,Did not trip,did not trip jwaneng 132/33 kv transformer 8: hv cb 110,Distribution,South,clear,baikgantshi,33.0,33.0,1,1,0.0,0.0,,,False,False,True,False,transient,transient,Non-permanent,False,,-1,4,1,summer,0,0,0,0,0,0,0,1
distribution::029/24::2024-01-26::12:38,distribution,029/24,2024-01-26,2024-01-26 12:38:00,2024-01-26,12:38,Gab East,Gab East,Gab EAST 132/11 kV Transformer 2B: HV CB 210B || LV CB 2H0B || 11 kV Bus Section CB 1S0B,"Did not trip initially; Tripped || Instateneous trip; Tripped || L/H bus zone 3ɸ trip, Centre zone trip, bus zone A & B trip; Tripped","did not trip initially; tripped || instateneous trip; tripped || l/h bus zone 3ɸ trip, centre zone trip, bus zone a & b trip; tripped gab east 132/11 kv transformer 2b: hv cb 210b || lv cb 2h0b || 11 kv bus section cb 1s0b",Distribution,South,clear,makoko,11.0,11.0,3,3,0.67,0.64,0.6166666666666667,0.6666666666666666,True,False,True,False,permanent,permanent,Permanent,False,,12,4,1,summer,0,0,0,0,0,0,0,1
distribution::041/24::2024-02-07::17:59,distribution,041/24,2024-02-07,2024-02-07 17:59:00,2024-02-07,17:59,Ghanzi,Ghanzi,Ghanzi Tx 1 LV CB 1H0 || Ghanzi Tx 2 LV CB 2H0,O/C trip; Through fault from feeder 2L5 || O/C trip,o/c trip; through fault from feeder 2l5 || o/c trip ghanzi tx 1 lv cb 1h0 || ghanzi tx 2 lv cb 2h0,Distribution,NW,clear,scada,11.0,11.0,2,2,0.75,0.75,0.75,0.75,True,False,True,False,permanent,permanent,Permanent,False,,17,2,2,summer,1,0,0,0,0,0,0,0
distribution::046/24::2024-02-11::10:03,distribution,046/24,2024-02-11,2024-02-11 10:03:00,2024-02-11,10:03,GAB EAST,GAB EAST,Tx 2B HV CB 210B,Tripped,tripped tx 2b hv cb 210b,Distribution,South,clear,makoko,11.0,11.0,1,1,0.65,0.65,0.65,0.65,True,False,True,False,permanent,permanent,Permanent,False,,10,6,2,summer,0,0,0,0,0,0,0,0
distribution::046/24::2024-02-11::11:00,distribution,046/24,2024-02-11,2024-02-11 11:00:00,2024-02-11,11:00,GAB EAST,GAB EAST,Tx 2B LV CB 2H0B || 11kV Bus Section CB 2S0B,"Tripped again during restoration || Phase A–C trip, bus zone trip","tripped again during restoration || phase a–c trip, bus zone trip tx 2b lv cb 2h0b || 11kv bus section cb 2s0b",Distribution,South,clear,makoko,11.0,11.0,2,2,0.48,0.48,0.4833333333333333,0.4833333333333333,True,False,True,False,sustained,sustained,Non-permanent,False,,11,6,2,summer,0,0,1,0,0,0,0,0
distribution::049/24::2024-02-17::21:02,distribution,049/24,2024-02-17,2024-02-17 21:02:00,2024-02-17,21:02,Gaphatshwa,Gaphatshwa,Gaphatshwa T4 11kV CB 4HO,Overvoltage trip; Feeder 10L5 conductor down,overvoltage trip; feeder 10l5 conductor down gaphatshwa t4 11kv cb 4ho,Distribution,South,clear,e. ntoko/scada,11.0,11.0,1,1,1.32,1.32,1.3166666666666669,1.3166666666666669,True,False,True,False,permanent,permanent,Permanent,False,,21,5,2,summer,0,0,0,0,0,0,1,0
distribution::037/24::2024-02-26::07:07,distribution,037/24,2024-02-26,2024-02-26 07:07:00,2024-02-26,07:07,Mmakgodumo,Mmakgodumo,Mmakgodumo T1 LV CB H10 || Mmakgodumo T2 LV CB H20,OC & E/F Phase B&C; Load loss (4 MW),oc & e/f phase b&c; load loss (4 mw) mmakgodumo t1 lv cb h10 || mmakgodumo t2 lv cb h20,Distribution,South,clear,baoki,33.0,33.0,2,2,4.5,3.625,2.75,4.5,True,False,True,False,permanent,permanent,Permanent,False,,7,0,2,summer,0,1,1,0,0,0,0,0
distribution::058.3/24::2024-03-16::21:08,distribution,058.3/24,2024-03-16,2024-03-16 21:08:00,2024-03-16,21:08,Tlokweng,Tlokweng || Gaphatshwa,Tlokweng T1 HV & LV CBs 110 & 1H0 || Tlokweng T2 HV & LV CBs 210 & 2H0 || Gaphatshwa T3 & T4 HV CBs 410 & 210; LV CBs 3H0 & 4H0,Under voltage trip || Low set E/F trip,under voltage trip || low set e/f trip tlokweng t1 hv & lv cbs 110 & 1h0 || tlokweng t2 hv & lv cbs 210 & 2h0 || gaphatshwa t3 & t4 hv cbs 410 & 210; lv cbs 3h0 & 4h0,Distribution,South,clear,mangole,11.0,11.0,3,3,4.45,3.8033333333333332,3.4833333333333334,4.45,True,False,True,False,permanent,permanent,Permanent,False,,21,5,3,autumn,0,1,0,0,0,0,1,0
distribution::062/24::2024-03-30::17:05,distribution,062/24,2024-03-30,2024-03-30 17:05:00,2024-03-30,17:05,Kanye,Kanye,Kanye T1 LV CB 1HO || Kanye T1 HV CB 180 || Kanye T2 LV CB 2HO || Kanye T2 HV CB 280,OC & E/F trip; Load loss (5.8 MW) || DID NOT TRIP || OC & E/F trip,oc & e/f trip; load loss (5.8 mw) || did not trip || oc & e/f trip kanye t1 lv cb 1ho || kanye t1 hv cb 180 || kanye t2 lv cb 2ho || kanye t2 hv cb 280,Distribution,South,clear,mosarwe/baoki,11.0,11.0,4,4,4.28,1.2575,0.75,4.283333333333333,True,False,True,True,permanent || transient,permanent,Permanent,False,,17,5,3,autumn,0,1,0,0,0,0,0,1
distribution::071/24::2024-05-04::04:23,distribution,071/24,2024-05-04,2024-05-04 04:23:00,2024-05-04,04:23,Mogoditshane,Mogoditshane,Mogoditshane T3 HV CB 410 || Mogoditshane T3 LV CB 3H0 || Mogoditshane T4 HV CB 510 || Mogoditshane T4 LV CB 4H0,Tripped; Load loss (6 MW) || Tripped,tripped; load loss (6 mw) || tripped mogoditshane t3 hv cb 410 || mogoditshane t3 lv cb 3h0 || mogoditshane t4 hv cb 510 || mogoditshane t4 lv cb 4h0,Distribution,South,clear,galetshetse,11.0,11.0,4,4,1.68,1.68,22.316666666666663,22.316666666666663,True,False,True,False,permanent,permanent,Permanent,False,,4,5,5,autumn,0,0,0,0,0,0,0,0
distribution::077/24::2024-05-24::20:36,distribution,077/24,2024-05-24,2024-05-24 20:36:00,2024-05-24,20:36,Francistown West,Francistown West,F/Town West T1A LV CB 1HOA || F/Town West T2A LV CB 2HOA,Tripped; Load loss (8.7 MW) || Tripped,tripped; load loss (8.7 mw) || tripped f/town west t1a lv cb 1hoa || f/town west t2a lv cb 2hoa,Distribution,North,clear,makoko,11.0,11.0,2,2,1.95,1.935,1.9166666666666667,1.95,True,False,True,False,permanent,permanent,Permanent,False,,20,4,5,autumn,0,0,0,0,0,0,0,0
distribution::079/24::2024-05-31::07:51,distribution,079/24,2024-05-31,2024-05-31 07:51:00,2024-05-31,07:51,Gab East,Gab East,Gab East T1A HV CB 110A,LV REF trip; Load loss (10 MW),lv ref trip; load loss (10 mw) gab east t1a hv cb 110a,Distribution,South,clear,r. galetshetse,11.0,11.0,1,1,0.77,0.77,0.7666666666666667,0.7666666666666667,True,False,True,False,permanent,permanent,Permanent,False,,7,4,5,autumn,0,0,0,0,0,0,0,0
distribution::079/24::2024-05-31::15:35,distribution,079/24,2024-05-31,2024-05-31 15:35:00,2024-05-31,15:35,Orapa,Orapa,Orapa 2 T1 HV CB H10 || Orapa 2 T1 LV CB H08,Master trip; Load loss (15 MW) || E/F trip,master trip; load loss (15 mw) || e/f trip orapa 2 t1 hv cb h10 || orapa 2 t1 lv cb h08,Distribution,North,clear,maduo,33.0,33.0,2,2,3.25,3.215,3.183333333333333,3.25,True,False,True,False,permanent,permanent,Permanent,False,,15,4,5,autumn,0,1,0,0,0,0,0,0
distribution::080/24::2024-06-01::16:50,distribution,080/24,2024-06-01,2024-06-01 16:50:00,2024-06-01,16:50,Woodhall,Woodhall,Woodhall T3 LV CB H30,LV CB Close block,lv cb close block woodhall t3 lv cb h30,Distribution,North,clear,ramacha,33.0,33.0,1,1,0.0,0.0,,,False,True,True,False,transient,transient,Non-permanent,False,,16,5,6,winter,0,0,0,0,0,0,0,0
distribution::082/24::2024-06-04::05:07,distribution,082/24,2024-06-04,2024-06-04 05:07:00,2024-06-04,05:07,Lobatse,Lobatse,Lobatse T2A HV CB 210 || Lobatse T2A LV CB 2H0,Tripped; Load loss || Tripped,tripped; load loss || tripped lobatse t2a hv cb 210 || lobatse t2a lv cb 2h0,Distribution,South,clear,ramacha,11.0,11.0,2,2,1.43,1.43,22.566666666666663,22.566666666666663,True,False,True,False,permanent,permanent,Permanent,False,,5,1,6,winter,0,0,0,0,0,0,0,0
distribution::082/24::2024-06-07::07:51,distribution,082/24,2024-06-07,2024-06-07 07:51:00,2024-06-07,07:51,Gab East,Gab East,Gab East T1A HV CB 110A || Gab East T1A LV CB 1H0A,LV REF trip; Load loss (10 MW) || LV REF trip,lv ref trip; load loss (10 mw) || lv ref trip gab east t1a hv cb 110a || gab east t1a lv cb 1h0a,Distribution,South,clear,r. galetshetse,11.0,11.0,2,2,0.77,0.77,0.7666666666666667,0.7666666666666667,True,False,True,False,permanent,permanent,Permanent,False,,7,4,6,winter,0,0,0,0,0,0,0,0
distribution::083/24::2024-06-17::09:41,distribution,083/24,2024-06-17,2024-06-17 09:41:00,2024-06-17,09:41,Maun,Maun,Maun T1 LV CB 1T0,Tripped,tripped maun t1 lv cb 1t0,Distribution,North,clear,sekgatlhola,11.0,11.0,1,1,1.45,1.45,1.45,1.45,True,False,True,False,permanent,permanent,Permanent,False,,9,0,6,winter,0,0,0,0,0,0,0,0
distribution::083/24::2024-06-17::09:45,distribution,083/24,2024-06-17,2024-06-17 09:45:00,2024-06-17,09:45,Maun,Maun,Maun T2 HV CB 210 || Maun T2 LV CB 2T0,Master trip; Main protection operated || Tripped,master trip; main protection operated || tripped maun t2 hv cb 210 || maun t2 lv cb 2t0,Distribution,North,clear,sekgatlhola,11.0,11.0,2,2,1.33,1.28,1.2333333333333334,1.3333333333333333,True,False,True,False,permanent,permanent,Permanent,False,,9,0,6,winter,0,0,0,0,0,0,0,0
distribution::084/24::2024-06-28::15:03,distribution,084/24,2024-06-28,2024-06-28 15:03:00,2024-06-28,15:03,Ghanzi,Ghanzi,Ghanzi T1 HV CB 110 || Ghanzi T1 LV CB 1H0 || Ghanzi Bus Section CB 1S0,Main Trip Circuit Fail; Load loss (17.9 MW) || HV trip received || Buszone protection ABC,main trip circuit fail; load loss (17.9 mw) || hv trip received || buszone protection abc ghanzi t1 hv cb 110 || ghanzi t1 lv cb 1h0 || ghanzi bus section cb 1s0,Distribution,North,clear,rasefako,11.0,11.0,3,3,1.45,1.45,0.3666666666666666,0.3666666666666666,True,False,True,False,permanent,permanent,Permanent,False,,15,4,6,winter,0,0,0,0,0,0,0,0
distribution::085/24::2024-07-04::17:59,distribution,085/24,2024-07-04,2024-07-04 17:59:00,2024-07-04,17:59,FWST,FWST,FWST T2A LV CB 2H0A,Overload due to T1A outage; 75% load restored,overload due to t1a outage; 75% load restored fwst t2a lv cb 2h0a,Distribution,North,clear,chawilani,11.0,11.0,1,1,0.58,0.58,0.5666666666666667,0.5666666666666667,True,False,True,False,permanent,permanent,Permanent,False,,17,3,7,winter,0,0,0,0,0,0,0,0
distribution::086/24::2024-07-05::06:26,distribution,086/24,2024-07-05,2024-07-05 06:26:00,2024-07-05,06:26,Tlokweng,Tlokweng,Tlokweng T1 HV CB 110 || Tlokweng T1 LV CB 1HO,Master trip; winding & REF trip || Tripped,master trip; winding & ref trip || tripped tlokweng t1 hv cb 110 || tlokweng t1 lv cb 1ho,Distribution,South,cloudy,galetshetse,11.0,11.0,2,2,3.15,3.15,3.15,20.85,True,False,True,False,permanent,permanent,Permanent,False,,6,4,7,winter,0,0,0,0,0,0,0,0
distribution::089/24::2024-07-08::06:23,distribution,089/24,2024-07-08,2024-07-08 06:23:00,2024-07-08,06:23,Francistown,Francistown,F/Town 11kV Bus Section CB 1SO,Tripped; Load loss (7.55 MW),tripped; load loss (7.55 mw) f/town 11kv bus section cb 1so,Distribution,North,clear,scada,11.0,11.0,1,1,1.43,1.43,1.4333333333333331,1.4333333333333331,True,False,True,False,permanent,permanent,Permanent,False,,6,0,7,winter,0,0,0,0,0,0,0,0
distribution::093/24::2024-07-19::07:51,distribution,093/24,2024-07-19,2024-07-19 07:51:00,2024-07-19,07:51,Gab East,Gab East,Gab East T1A HV CB 110A || Gab East T1A LV CB 1H0A,LV REF trip; Load loss (10 MW) || LV REF trip,lv ref trip; load loss (10 mw) || lv ref trip gab east t1a hv cb 110a || gab east t1a lv cb 1h0a,Distribution,South,clear,r. galetshetse,11.0,11.0,2,2,0.77,0.77,0.7666666666666667,0.7666666666666667,True,False,True,False,permanent,permanent,Permanent,False,,7,4,7,winter,0,0,0,0,0,0,0,0
distribution::096/24::2024-07-27::10:02,distribution,096/24,2024-07-27,2024-07-27 10:02:00,2024-07-27,10:02,Tlokweng,Tlokweng,Tlokweng T1 HV CB 110 || Tlokweng T1 LV CB 1HO || Tlokweng T2 LV CB 2H0,REF & Winding trip; Surge arrester blown || Tripped || E/F trip; Load loss (8.5 MW),ref & winding trip; surge arrester blown || tripped || e/f trip; load loss (8.5 mw) tlokweng t1 hv cb 110 || tlokweng t1 lv cb 1ho || tlokweng t2 lv cb 2h0,Distribution,South,clear,rapelang,11.0,11.0,3,3,1.13,1.13,1.1333333333333333,22.866666666666667,True,False,True,False,permanent,permanent,Permanent,False,,10,5,7,winter,0,1,0,0,0,0,0,0
distribution::098/24::2024-08-29::02:18,distribution,098/24,2024-08-29,2024-08-29 02:18:00,2024-08-29,02:18,Tlokweng,Tlokweng,Tlokweng T1 HV CB 110 || Tlokweng T1 LV CB 1HO,LV Restricted Earth Fault; Through fault from CSS || Tripped,lv restricted earth fault; through fault from css || tripped tlokweng t1 hv cb 110 || tlokweng t1 lv cb 1ho,Distribution,South,clear,galetshetse,11.0,11.0,2,2,1.92,1.92,1.9166666666666667,1.9166666666666667,True,False,True,False,permanent,permanent,Permanent,False,,2,3,8,winter,0,1,0,0,0,0,0,0
distribution::102/24::2024-09-04::05:58,distribution,102/24,2024-09-04,2024-09-04 05:58:00,2024-09-04,05:58,Tlokweng,Tlokweng,Tlokweng T1 LV CB 1HO,Tripped,tripped tlokweng t1 lv cb 1ho,Distribution,South,clear,galetshetse,11.0,11.0,1,1,11.78,11.78,11.783333333333331,11.783333333333331,True,False,True,False,permanent,permanent,Permanent,False,,5,2,9,spring,0,0,0,0,0,0,0,0
distribution::103/24::2024-09-12::07:51,distribution,103/24,2024-09-12,2024-09-12 07:51:00,2024-09-12,07:51,Jwaneng,Jwaneng,Jwaneng T8 LV CB,Tripped,tripped jwaneng t8 lv cb,Distribution,South,clear,mosarwe,6.6,6.6,1,1,1.05,1.05,1.05,1.05,True,False,True,False,permanent,permanent,Permanent,False,,7,3,9,spring,0,0,0,0,0,0,0,0
distribution::105/24::2024-09-15::08:01,distribution,105/24,2024-09-15,2024-09-15 08:01:00,2024-09-15,08:01,Zone 5 – Bosetu,Zone 5 – Bosetu,T1 LV CB 1T0 || T2 LV CB 2T0,Tripped,tripped t1 lv cb 1t0 || t2 lv cb 2t0,Distribution,North West,clear,mosala,11.0,11.0,2,2,4.93,4.93,4.933333333333334,4.933333333333334,True,False,True,False,permanent,permanent,Permanent,False,,8,6,9,spring,0,0,0,0,0,0,0,0
distribution::107/24::2024-09-20::00:56,distribution,107/24,2024-09-20,2024-09-20 00:56:00,2024-09-20,00:56,Orapa,Orapa,Orapa 220/33kV T1 LV CB 1H0,Duplicate of 104/24,duplicate of 104/24 orapa 220/33kv t1 lv cb 1h0,Distribution,Central,clear,likokoto,33.0,33.0,1,1,50.38,50.38,10.383333333333333,10.383333333333333,True,False,True,False,permanent,permanent,Permanent,False,,0,4,9,spring,0,0,0,0,0,0,0,0
distribution::109/24::2024-09-28::17:41,distribution,109/24,2024-09-28,2024-09-28 17:41:00,2024-09-28,17:41,WoodHall,WoodHall,WoodHall T1A & T2A LV CBs,HV O/C trip; Load loss (2.1 MW),hv o/c trip; load loss (2.1 mw) woodhall t1a & t2a lv cbs,Distribution,South,cloudy,kaloso,11.0,11.0,1,1,2.78,2.78,2.783333333333333,2.783333333333333,True,False,True,False,permanent,permanent,Permanent,False,,17,5,9,spring,1,0,0,0,0,0,0,0
distribution::112/24::2024-10-11::16:21,distribution,112/24,2024-10-11,2024-10-11 16:21:00,2024-10-11,16:21,Jwaneng,Jwaneng,Jwaneng T8 LV CB 8H0,Tripped,tripped jwaneng t8 lv cb 8h0,Distribution,South,clear,scada,33.0,33.0,1,1,0.93,0.93,0.9333333333333332,0.9333333333333332,True,False,True,False,permanent,permanent,Permanent,False,,16,4,10,spring,0,0,0,0,0,0,0,0
distribution::112/24::2024-10-14::19:41,distribution,112/24,2024-10-14,2024-10-14 19:41:00,2024-10-14,19:41,Francistown West,Francistown West,F/Town West T2A LV CB 1HOA,Master trip; Load loss (7.8 MW),master trip; load loss (7.8 mw) f/town west t2a lv cb 1hoa,Distribution,North,clear,chabalala,11.0,11.0,1,1,1.57,1.57,1.5666666666666669,1.5666666666666669,True,False,True,False,permanent,permanent,Permanent,False,,19,0,10,spring,0,0,0,0,0,0,0,0
distribution::113/24::2024-10-16::04:18,distribution,113/24,2024-10-16,2024-10-16 04:18:00,2024-10-16,04:18,G/Enclave,G/Enclave,G/Enclave T1 LV CB 1H0 || G/Enclave T2 LV CB 2H0 || 11kV Bus Section CB 1SO,Phase trip; Bus Section CB also tripped || Tripped || Tripped (not updating on SCADA),phase trip; bus section cb also tripped || tripped || tripped (not updating on scada) g/enclave t1 lv cb 1h0 || g/enclave t2 lv cb 2h0 || 11kv bus section cb 1so,Distribution,South,clear,galetshetse,11.0,11.0,3,3,1.35,1.3500000000000003,1.35,1.35,True,False,True,False,permanent,permanent,Permanent,False,,4,2,10,spring,0,0,1,0,0,0,0,0
distribution::137/24::2024-11-10::23:36,distribution,137/24,2024-11-10,2024-11-10 23:36:00,2024-11-10,23:36,Gaphatshwa,Gaphatshwa,Gaphatshwa T2 LV CB H20,Tripped,tripped gaphatshwa t2 lv cb h20,Distribution,South,clear,galetshetse,11.0,11.0,1,1,1.45,1.45,1.45,1.45,True,False,True,False,permanent,permanent,Permanent,False,,23,6,11,spring,0,0,0,0,0,0,0,0
distribution::154/24::2024-11-24::20:16,distribution,154/24,2024-11-24,2024-11-24 20:16:00,2024-11-24,20:16,Gaphatshwa,Gaphatshwa,Gaphatshwa T3 LV CB 3H0 || Gaphatshwa T4 LV CB 4H0,Tripped; Load loss (5 MW) || Tripped,tripped; load loss (5 mw) || tripped gaphatshwa t3 lv cb 3h0 || gaphatshwa t4 lv cb 4h0,Distribution,South,clear,madubeko,11.0,11.0,2,2,1.32,1.32,1.3,1.3166666666666669,True,False,True,False,permanent,permanent,Permanent,False,,20,6,11,spring,0,0,0,0,0,0,0,0
distribution::161/24::2024-12-01::15:38,distribution,161/24,2024-12-01,2024-12-01 15:38:00,2024-12-01,15:38,S/Phikwe,S/Phikwe,S/Phikwe 220/11kV Transformer 1 LV CB A2TO || S/Phikwe 220/11kV Transformer 3 LV CB A1TO,—,— s/phikwe 220/11kv transformer 1 lv cb a2to || s/phikwe 220/11kv transformer 3 lv cb a1to,Distribution,South,clear,likokotlo,11.0,11.0,2,2,4.57,4.57,4.566666666666666,4.566666666666666,True,False,True,False,permanent,permanent,Permanent,False,,15,6,12,summer,0,0,0,0,0,0,0,0
distribution::163/24::2024-12-06::02:18,distribution,163/24,2024-12-06,2024-12-06 02:18:00,2024-12-06,02:18,S/Phikwe,S/Phikwe,S/Phikwe 220/11kV Transformer 3 LV CB A1TO,"11kV Inter trip send, Master trip","11kv inter trip send, master trip s/phikwe 220/11kv transformer 3 lv cb a1to",Distribution,Central,clear,boiditswe,11.0,11.0,1,1,5.42,5.42,5.416666666666667,5.416666666666667,True,False,True,False,permanent,permanent,Permanent,False,,2,4,12,summer,0,0,0,0,0,0,0,0
distribution::166/24::2024-12-10::22:33,distribution,166/24,2024-12-10,2024-12-10 22:33:00,2024-12-10,22:33,Maun,Maun,Maun 132/11kV T2 HV & LV CBs 210 & 2TO,Earth fault & Master trip; Loss of supply to Maun and surrounding areas,earth fault & master trip; loss of supply to maun and surrounding areas maun 132/11kv t2 hv & lv cbs 210 & 2to,Distribution,North/West,clear,rasefako,11.0,11.0,1,1,1.37,1.37,1.4,1.4,True,False,True,False,permanent,permanent,Permanent,False,,22,1,12,summer,0,1,0,0,0,0,0,0
distribution::169/24::2024-12-14::15:52,distribution,169/24,2024-12-14,2024-12-14 15:52:00,2024-12-14,15:52,Woodhall,Woodhall,Woodhall T1A 11kV CB 1HO || Woodhall T2A 11kV CB 2HO,HV O/C Low set trip & I/T Rec; Load loss to Lobatse (2.2 MW) || TX protection trip & 11kV I/T Rec,hv o/c low set trip & i/t rec; load loss to lobatse (2.2 mw) || tx protection trip & 11kv i/t rec woodhall t1a 11kv cb 1ho || woodhall t2a 11kv cb 2ho,Distribution,South,rainy/stormy,galetshetse,11.0,11.0,2,2,1.17,0.985,0.8,1.1666666666666667,True,False,True,False,permanent,permanent,Permanent,False,,15,5,12,summer,1,0,0,0,0,0,0,0
distribution::188/24::2024-12-31::18:15,distribution,188/24,2024-12-31,2024-12-31 18:15:00,2024-12-31,18:15,Woodhall,Woodhall,Woodhall T1A: 11kV CB 1H0 || Woodhall T4: 33kV CB H40,"BUS ZONE, TRIP ZONE1, CB FAIL TRIP || —","bus zone, trip zone1, cb fail trip || — woodhall t1a: 11kv cb 1h0 || woodhall t4: 33kv cb h40",Distribution,South,rainy/stormy,charles,11.0,11.0 || 33.0,2,2,0.92,0.825,0.7333333333333333,0.9333333333333332,True,False,True,False,permanent,permanent,Permanent,False,,18,1,12,summer,0,0,0,0,0,0,0,0
distribution::020.1/25::2025-01-26::05:37,distribution,020.1/25,2025-01-26,2025-01-26 05:37:00,2025-01-26,05:37,Woodhall,Woodhall,Woodhall T1A LV CB 1H0,HV O/C Low set & Standby E/F High set; CSS reported fallen 11kV conductors; Load loss 1.8 MW,hv o/c low set & standby e/f high set; css reported fallen 11kv conductors; load loss 1.8 mw woodhall t1a lv cb 1h0,Distribution,South,clear,galetshetse,11.0,11.0,1,1,2.15,2.15,2.15,2.15,True,False,True,False,permanent,permanent,Permanent,False,,5,6,1,summer,1,1,0,0,0,0,0,0
distribution::075/25::2025-02-03::07:58,distribution,075/25,2025-02-03,2025-02-03 07:58:00,2025-02-03,07:58,Kanye,Kanye,Kanye 132/11kV Tx 2 LV CB 2HO,3Ph T + L/O,3ph t + l/o kanye 132/11kv tx 2 lv cb 2ho,Distribution,South,rainy/stormy,baikgantshi,11.0,11.0,1,1,18.22,18.22,18.216666666666665,18.216666666666665,True,False,True,False,permanent,permanent,Permanent,False,,7,0,2,summer,0,0,0,1,0,0,0,0
distribution::067/25::2025-02-10::09:22,distribution,067/25,2025-02-10,2025-02-10 09:22:00,2025-02-10,09:22,Tlokweng,Tlokweng,Tlokweng 132/11kV T2 LV CB 2H0,—,— tlokweng 132/11kv t2 lv cb 2h0,Distribution,Tlokweng,cloudy,galetshetse,11.0,11.0,1,1,9.18,9.18,9.183333333333334,9.183333333333334,True,False,True,False,permanent,permanent,Permanent,False,,9,0,2,summer,0,0,0,0,0,0,0,0
distribution::061/25::2025-02-19::12:26,distribution,061/25,2025-02-19,2025-02-19 12:26:00,2025-02-19,12:26,Gaphwatshwa,Gaphwatshwa,Gaphwatshwa 132/33kV T2 LV CB H20,LV O/C & E/F trip; Master trip,lv o/c & e/f trip; master trip gaphwatshwa 132/33kv t2 lv cb h20,Distribution,South,rainy/stormy,kaloso,33.0,33.0,1,1,0.45,0.45,0.6166666666666667,0.6166666666666667,True,False,True,False,sustained,sustained,Non-permanent,False,,12,2,2,summer,1,1,0,0,0,0,0,0
distribution::062/25::2025-02-19::12:40,distribution,062/25,2025-02-19,2025-02-19 12:40:00,2025-02-19,12:40,Broadhurst,Broadhurst,Broadhurst 132/33kV LV CB 4T0,LV O/C & E/F trip; Master trip,lv o/c & e/f trip; master trip broadhurst 132/33kv lv cb 4t0,Distribution,South,rainy/stormy,kaloso,33.0,33.0,1,1,0.45,0.45,0.3833333333333333,0.3833333333333333,True,False,True,False,sustained,sustained,Non-permanent,False,,12,2,2,summer,1,1,0,0,0,0,0,0
distribution::072/25::2025-02-28::11:20,distribution,072/25,2025-02-28,2025-02-28 11:20:00,2025-02-28,11:20,Mogoditshane,Mogoditshane,Mogoditshane 132/11kV T4 LV CB 4HO,—,— mogoditshane 132/11kv t4 lv cb 4ho,Distribution,South,clear,a. mangole,11.0,11.0,1,1,1.17,1.17,1.1666666666666667,1.1666666666666667,True,False,True,False,permanent,permanent,Permanent,False,,11,4,2,summer,0,0,0,0,0,0,0,0
distribution::108/25::2025-03-05::10:20,distribution,108/25,2025-03-05,2025-03-05 10:20:00,2025-03-05,10:20,Maun,Maun,Maun 132/11kV Transformer 1 LV CB 1T0 || Maun 11kV Bus Section CB 1S0,"Protection Trip, Current Relay operated || Protection Trip","protection trip, current relay operated || protection trip maun 132/11kv transformer 1 lv cb 1t0 || maun 11kv bus section cb 1s0",Distribution,North,clear,magola,11.0,11.0,2,2,5.98,5.93,5.883333333333334,5.983333333333333,True,False,True,False,permanent,permanent,Permanent,False,,10,2,3,autumn,0,0,0,0,0,0,0,0
distribution::078/25::2025-03-13::13:01,distribution,078/25,2025-03-13,2025-03-13 13:01:00,2025-03-13,13:01,Francistown,Francistown,Francistown 220/11kV TX 1B LV CB 1TOB || Francistown 220/11kV TX 1A LV CB 1TOA,"F/town, 220/11kV TX 1B LV side; Ground to neutral, O/C trip || F/town, 220/11kV TX 1A LV side; Backup protection trip","f/town, 220/11kv tx 1b lv side; ground to neutral, o/c trip || f/town, 220/11kv tx 1a lv side; backup protection trip francistown 220/11kv tx 1b lv cb 1tob || francistown 220/11kv tx 1a lv cb 1toa",Distribution,North,cloudy,magola,11.0,11.0,2,2,4.2,2.69,1.1833333333333331,4.2,True,False,True,False,permanent,permanent,Permanent,False,,13,3,3,autumn,1,1,0,0,0,0,0,0
distribution::084/25::2025-03-13::04:46,distribution,084/25,2025-03-13,2025-03-13 04:46:00,2025-03-13,04:46,F/Town West,F/Town West,F/Town West 132/11kV Tx 2A LV CB 2HOB,LV OC & EF Relay: Trip. LV master trip operated,lv oc & ef relay: trip. lv master trip operated f/town west 132/11kv tx 2a lv cb 2hob,Distribution,North,cloudy,chabalala,11.0,11.0,1,1,0.95,0.95,0.95,0.95,True,False,True,False,permanent,permanent,Permanent,False,,4,3,3,autumn,0,0,0,0,0,0,0,0
distribution::084/25::2025-03-13::06:23,distribution,084/25,2025-03-13,2025-03-13 06:23:00,2025-03-13,06:23,F/Town West,F/Town West,F/Town West 132/11kV Tx 2A LV CB 2HOB,LV OC & EF Relay: Trip. LV master trip operated,lv oc & ef relay: trip. lv master trip operated f/town west 132/11kv tx 2a lv cb 2hob,Distribution,North,cloudy,chabalala,11.0,11.0,1,1,0.68,0.68,0.6833333333333333,0.6833333333333333,True,False,True,False,permanent,permanent,Permanent,False,,6,3,3,autumn,0,0,0,0,0,0,0,0
distribution::88/25::2025-03-22::15:05,distribution,88/25,2025-03-22,2025-03-22 15:05:00,2025-03-22,15:05,Orapa 2,Orapa 2,Orapa 2 220/33kV T1 LV CB H08,LoStage E/F operated; Letlhakane Village feeder OHL conductor broken,lostage e/f operated; letlhakane village feeder ohl conductor broken orapa 2 220/33kv t1 lv cb h08,Distribution,Central,clear,scada,33.0,33.0,1,1,1.22,1.22,1.2166666666666666,1.2166666666666666,True,False,True,False,permanent,permanent,Permanent,False,,15,5,3,autumn,0,1,0,0,0,0,0,0
distribution::091/25::2025-03-28::19:59,distribution,091/25,2025-03-28,2025-03-28 19:59:00,2025-03-28,19:59,Gaphatshwa,Gaphatshwa,Gaphatshwa 132/11kV Transformer 4 LV CB 4HO || Gaphatshwa 132/11kV Transformer 3 LV CB 3HO,"Over voltage, Master trip operated","over voltage, master trip operated gaphatshwa 132/11kv transformer 4 lv cb 4ho || gaphatshwa 132/11kv transformer 3 lv cb 3ho",Distribution,South,clear,scada,11.0,11.0,2,2,1.93,1.93,1.9333333333333331,1.9333333333333331,True,False,True,False,permanent,permanent,Permanent,False,,19,4,3,autumn,0,0,0,0,0,0,1,0
distribution::099/25::2025-04-19::09:27,distribution,099/25,2025-04-19,2025-04-19 09:27:00,2025-04-19,09:27,Broadhurst,Broadhurst,Broadhurst 132/11kV TRF 1 LV CB 3H0 || Broadhurst 132/11kV TRF 2 LV CB 4HO,"Overcurrent trip; Zone 2 trip, underfrequency relay || Underfrequency relay trip","overcurrent trip; zone 2 trip, underfrequency relay || underfrequency relay trip broadhurst 132/11kv trf 1 lv cb 3h0 || broadhurst 132/11kv trf 2 lv cb 4ho",Distribution,South,cloudy,r. galetshetse,11.0,11.0,2,2,50.4,27.515,2.4,4.633333333333334,True,False,True,False,permanent,permanent,Permanent,False,,9,5,4,autumn,1,0,0,0,0,0,0,0
distribution::102/25::2025-04-23::22:13,distribution,102/25,2025-04-23,2025-04-23 22:13:00,2025-04-23,22:13,Mochudi,Mochudi,Mochudi 132/33kV Transformer 1 LV CB 110,Earth fault,earth fault mochudi 132/33kv transformer 1 lv cb 110,Distribution,South,clear,e. ntoko,33.0,33.0,1,1,2.27,2.27,2.2666666666666666,2.2666666666666666,True,False,True,False,permanent,permanent,Permanent,False,,22,2,4,autumn,0,1,0,0,0,0,0,0
distribution::103/25::2025-04-30::07:15,distribution,103/25,2025-04-30,2025-04-30 07:15:00,2025-04-30,07:15,Jwaneng,Jwaneng,Jwaneng 132/33kV Tx 9 LV CB 9HO,E/F trip,e/f trip jwaneng 132/33kv tx 9 lv cb 9ho,Distribution,South,clear,mosarwe,33.0,33.0,1,1,0.8,0.8,0.8,0.8,True,False,True,False,permanent,permanent,Permanent,False,,7,2,4,autumn,0,1,0,0,0,0,0,0
distribution::104/25::2025-04-30::09:12,distribution,104/25,2025-04-30,2025-04-30 09:12:00,2025-04-30,09:12,Jwaneng,Jwaneng,Jwaneng 132/33kV Tx 8 LV CB 8HO,"Buszone trip; baboons seen in substation, flash on 33kV busbar","buszone trip; baboons seen in substation, flash on 33kv busbar jwaneng 132/33kv tx 8 lv cb 8ho",Distribution,South,clear,mosarwe/charles,33.0,33.0,1,1,0.37,0.37,0.3666666666666666,0.3666666666666666,True,False,True,False,sustained,sustained,Non-permanent,False,,9,2,4,autumn,0,0,0,0,0,0,0,0
distribution::102/25::2025-05-23::22:13,distribution,102/25,2025-05-23,2025-05-23 22:13:00,2025-05-23,22:13,Mochudi,Mochudi,Mochudi 132/33kV Transformer 1 LV CB 110,Earth fault,earth fault mochudi 132/33kv transformer 1 lv cb 110,Distribution,South,clear,e. ntoko,33.0,33.0,1,1,2.27,2.27,2.2666666666666666,2.2666666666666666,True,False,True,False,permanent,permanent,Permanent,False,,22,4,5,autumn,0,1,0,0,0,0,0,0
distribution::128/25::2025-06-25::17:31,distribution,128/25,2025-06-25,2025-06-25 17:31:00,2025-06-25,17:31,Molepolole,Molepolole,Molepolole 132/33kV T1 LV CB H10,LV Directional E/F Trip,lv directional e/f trip molepolole 132/33kv t1 lv cb h10,Distribution,South,clear,kgame/galetshetse,33.0,33.0,1,1,3.28,3.28,3.283333333333333,3.283333333333333,True,False,True,False,permanent,permanent,Permanent,False,,17,2,6,winter,0,1,0,0,0,0,0,0
distribution::123/25::2025-08-06::11:52,distribution,123/25,2025-08-06,2025-08-06 11:52:00,2025-08-06,11:52,Phakalane,Phakalane,Phakalane 132/11kV Transformer 2 LV CB 2HOB || Phakalane 11kV Bussection CB 1SOB,Inter trip receive || CB FAIL Right hand side,inter trip receive || cb fail right hand side phakalane 132/11kv transformer 2 lv cb 2hob || phakalane 11kv bussection cb 1sob,Distribution,South,clear,scada,11.0,11.0,2,2,0.65,0.65,0.65,0.65,True,False,True,False,permanent,permanent,Permanent,False,,11,2,8,winter,0,0,0,0,0,0,0,0
distribution::077/25::2025-09-03::18:30,distribution,077/25,2025-09-03,2025-09-03 18:30:00,2025-09-03,18:30,"Government Enclave, 132/11kV T1","Government Enclave, 132/11kV T1",Government Enclave 132/11kV T1 LV CB 1HO,Tripped,tripped government enclave 132/11kv t1 lv cb 1ho,Distribution,South,clear,scada,11.0,11.0,1,1,1.42,1.42,1.4166666666666667,1.4166666666666667,True,False,True,False,permanent,permanent,Permanent,False,,18,2,9,spring,0,0,0,0,0,0,0,0
distribution::095/25::2025-09-04::06:46,distribution,095/25,2025-09-04,2025-09-04 06:46:00,2025-09-04,06:46,Jwaneng,Jwaneng,Jwaneng 132/33kV Transformer 9 LV CB 9HO,Through fault from CSS Feeder 4L5 (failed to trip); restored after isolation,through fault from css feeder 4l5 (failed to trip); restored after isolation jwaneng 132/33kv transformer 9 lv cb 9ho,Distribution,South,rainy/stormy,mosarwe,33.0,33.0,1,1,9.28,9.28,9.283333333333331,9.283333333333331,True,False,True,False,permanent,permanent,Permanent,False,,6,3,9,spring,0,0,0,0,0,0,0,0
distribution::097/25::2025-12-04::10:53,distribution,097/25,2025-12-04,2025-12-04 10:53:00,2025-12-04,10:53,Jwaneng,Jwaneng,Jwaneng 132/33kV Transformer 9 LV CB 9HO,"Buszone trip; Mine Feeder 5 tripped on O/C, E/F","buszone trip; mine feeder 5 tripped on o/c, e/f jwaneng 132/33kv transformer 9 lv cb 9ho",Distribution,South,cloudy,mosarwe,33.0,33.0,1,1,0.63,0.63,0.6333333333333333,0.6333333333333333,True,False,True,False,permanent,permanent,Permanent,False,,10,3,12,summer,1,1,0,0,0,0,0,0
distribution::098/25::2025-12-04::14:24,distribution,098/25,2025-12-04,2025-12-04 14:24:00,2025-12-04,14:24,Jwaneng,Jwaneng,Jwaneng 132/33kV Transformer 9 LV CB 9HO,"Buszone trip; Mine Feeder 5 tripped on O/C, E/F","buszone trip; mine feeder 5 tripped on o/c, e/f jwaneng 132/33kv transformer 9 lv cb 9ho",Distribution,South,cloudy,mosarwe,33.0,33.0,1,1,0.45,0.45,0.45,0.45,True,False,True,False,sustained,sustained,Non-permanent,False,,14,3,12,summer,1,1,0,0,0,0,0,0
